barrio,barrio_fuente,ambientes,estado,trimestre,usd_m2,provisorio,fuente,fecha_descarga
agronomia,Agronomía,1,usado,2024-T3,,False,IDECBA sobre avisos de Argenprop,2026-09-28
agronomia,Agronomía,1,usado,2024-T4,,False,IDECBA sobre avisos de Argenprop,2026-09-28
agronomia,Agronomía,1,usado,2025-T1,,True,IDECBA sobre avisos de Argenprop,2026-09-28
agronomia,Agronomía,1,usado,2025-T2,,True,IDECBA sobre avisos de Argenprop,2026-09-28
agronomia,Agronomía,1,usado,2025-T3,,True,IDECBA sobre avisos de Argenprop,2026-09-28
agronomia,Agronomía,1,usado,2025-T4,,True,IDECBA sobre avisos de Argenprop,2026-09-28
agronomia,Agronomía,1,usado,2026-T1,,True,IDECBA sobre avisos de Argenprop,2026-09-28
agronomia,Agronomía,1,usado,2026-T2,2536.5954799917067,True,IDECBA sobre avisos de Argenprop,2026-09-28
almagro,Almagro,1,usado,2024-T3,2383.898142656227,False,IDECBA sobre avisos de Argenprop,2026-09-28
almagro,Almagro,1,usado,2024-T4,2353.6315125520373,False,IDECBA sobre avisos de Argenprop,2026-09-28
almagro,Almagro,1,usado,2025-T1,2432.750712323329,True,IDECBA sobre avisos de Argenprop,2026-09-28
almagro,Almagro,1,usado,2025-T2,2398.644052257621,True,IDECBA sobre avisos de Argenprop,2026-09-28
almagro,Almagro,1,usado,2025-T3,2379.029679664313,True,IDECBA sobre avisos de Argenprop,2026-09-28
almagro,Almagro,1,usado,2025-T4,2389.8826193865666,True,IDECBA sobre avisos de Argenprop,2026-09-28
almagro,Almagro,1,usado,2026-T1,2421.8572569769544,True,IDECBA sobre avisos de Argenprop,2026-09-28
almagro,Almagro,1,usado,2026-T2,2437.0062690824975,True,IDECBA sobre avisos de Argenprop,2026-09-28
balvanera,Balvanera,1,usado,2024-T3,1916.9891304347825,False,IDECBA sobre avisos de Argenprop,2026-09-28
balvanera,Balvanera,1,usado,2024-T4,1928.1800370088167,False,IDECBA sobre avisos de Argenprop,2026-09-28
balvanera,Balvanera,1,usado,2025-T1,2069.6882538116474,True,IDECBA sobre avisos de Argenprop,2026-09-28
balvanera,Balvanera,1,usado,2025-T2,2070.215658982166,True,IDECBA sobre avisos de Argenprop,2026-09-28
balvanera,Balvanera,1,usado,2025-T3,2049.420629287911,True,IDECBA sobre avisos de Argenprop,2026-09-28
balvanera,Balvanera,1,usado,2025-T4,2036.8211740753309,True,IDECBA sobre avisos de Argenprop,2026-09-28
balvanera,Balvanera,1,usado,2026-T1,2090.9820365522055,True,IDECBA sobre avisos de Argenprop,2026-09-28
balvanera,Balvanera,1,usado,2026-T2,2023.307666113015,True,IDECBA sobre avisos de Argenprop,2026-09-28
barracas,Barracas,1,usado,2024-T3,2080.802103879027,False,IDECBA sobre avisos de Argenprop,2026-09-28
barracas,Barracas,1,usado,2024-T4,2076.752767527675,False,IDECBA sobre avisos de Argenprop,2026-09-28
barracas,Barracas,1,usado,2025-T1,2124.4999914161617,True,IDECBA sobre avisos de Argenprop,2026-09-28
barracas,Barracas,1,usado,2025-T2,2060.2933473022526,True,IDECBA sobre avisos de Argenprop,2026-09-28
barracas,Barracas,1,usado,2025-T3,2000.9332888592394,True,IDECBA sobre avisos de Argenprop,2026-09-28
barracas,Barracas,1,usado,2025-T4,2118.251950078003,True,IDECBA sobre avisos de Argenprop,2026-09-28
barracas,Barracas,1,usado,2026-T1,2242.927407037995,True,IDECBA sobre avisos de Argenprop,2026-09-28
barracas,Barracas,1,usado,2026-T2,2104.0025892760814,True,IDECBA sobre avisos de Argenprop,2026-09-28
belgrano,Belgrano,1,usado,2024-T3,2963.5146374729898,False,IDECBA sobre avisos de Argenprop,2026-09-28
belgrano,Belgrano,1,usado,2024-T4,3007.696481332259,False,IDECBA sobre avisos de Argenprop,2026-09-28
belgrano,Belgrano,1,usado,2025-T1,3023.497004367221,True,IDECBA sobre avisos de Argenprop,2026-09-28
belgrano,Belgrano,1,usado,2025-T2,3154.498002103049,True,IDECBA sobre avisos de Argenprop,2026-09-28
belgrano,Belgrano,1,usado,2025-T3,3158.200036222041,True,IDECBA sobre avisos de Argenprop,2026-09-28
belgrano,Belgrano,1,usado,2025-T4,3203.3656563587956,True,IDECBA sobre avisos de Argenprop,2026-09-28
belgrano,Belgrano,1,usado,2026-T1,3224.8108625196887,True,IDECBA sobre avisos de Argenprop,2026-09-28
belgrano,Belgrano,1,usado,2026-T2,3270.119844740004,True,IDECBA sobre avisos de Argenprop,2026-09-28
la boca,Boca,1,usado,2024-T3,1512.5225988700565,False,IDECBA sobre avisos de Argenprop,2026-09-28
la boca,Boca,1,usado,2024-T4,1472.161172161172,False,IDECBA sobre avisos de Argenprop,2026-09-28
la boca,Boca,1,usado,2025-T1,1497.9037250038414,True,IDECBA sobre avisos de Argenprop,2026-09-28
la boca,Boca,1,usado,2025-T2,1554.590570719603,True,IDECBA sobre avisos de Argenprop,2026-09-28
la boca,Boca,1,usado,2025-T3,1542.221568627451,True,IDECBA sobre avisos de Argenprop,2026-09-28
la boca,Boca,1,usado,2025-T4,1540.5286343612336,True,IDECBA sobre avisos de Argenprop,2026-09-28
la boca,Boca,1,usado,2026-T1,1565.0158833017545,True,IDECBA sobre avisos de Argenprop,2026-09-28
la boca,Boca,1,usado,2026-T2,1529.2463018308763,True,IDECBA sobre avisos de Argenprop,2026-09-28
boedo,Boedo,1,usado,2024-T3,2147.1075357861114,False,IDECBA sobre avisos de Argenprop,2026-09-28
boedo,Boedo,1,usado,2024-T4,2066.6899930020995,False,IDECBA sobre avisos de Argenprop,2026-09-28
boedo,Boedo,1,usado,2025-T1,2032.7722693969702,True,IDECBA sobre avisos de Argenprop,2026-09-28
boedo,Boedo,1,usado,2025-T2,2091.7880794701987,True,IDECBA sobre avisos de Argenprop,2026-09-28
boedo,Boedo,1,usado,2025-T3,2044.2632170978627,True,IDECBA sobre avisos de Argenprop,2026-09-28
boedo,Boedo,1,usado,2025-T4,2103.4858387799563,True,IDECBA sobre avisos de Argenprop,2026-09-28
boedo,Boedo,1,usado,2026-T1,2197.480601230404,True,IDECBA sobre avisos de Argenprop,2026-09-28
boedo,Boedo,1,usado,2026-T2,2173.2896618886766,True,IDECBA sobre avisos de Argenprop,2026-09-28
caballito,Caballito,1,usado,2024-T3,2401.5980689613593,False,IDECBA sobre avisos de Argenprop,2026-09-28
caballito,Caballito,1,usado,2024-T4,2426.0163152610444,False,IDECBA sobre avisos de Argenprop,2026-09-28
caballito,Caballito,1,usado,2025-T1,2508.234286050135,True,IDECBA sobre avisos de Argenprop,2026-09-28
caballito,Caballito,1,usado,2025-T2,2489.849084796414,True,IDECBA sobre avisos de Argenprop,2026-09-28
caballito,Caballito,1,usado,2025-T3,2492.599845029887,True,IDECBA sobre avisos de Argenprop,2026-09-28
caballito,Caballito,1,usado,2025-T4,2500.995283018868,True,IDECBA sobre avisos de Argenprop,2026-09-28
caballito,Caballito,1,usado,2026-T1,2511.7288651942117,True,IDECBA sobre avisos de Argenprop,2026-09-28
caballito,Caballito,1,usado,2026-T2,2432.020350678257,True,IDECBA sobre avisos de Argenprop,2026-09-28
chacarita,Chacarita,1,usado,2024-T3,2762.615891472868,False,IDECBA sobre avisos de Argenprop,2026-09-28
chacarita,Chacarita,1,usado,2024-T4,2749.4445196211095,False,IDECBA sobre avisos de Argenprop,2026-09-28
chacarita,Chacarita,1,usado,2025-T1,2815.752221587071,True,IDECBA sobre avisos de Argenprop,2026-09-28
chacarita,Chacarita,1,usado,2025-T2,2740.314116547211,True,IDECBA sobre avisos de Argenprop,2026-09-28
chacarita,Chacarita,1,usado,2025-T3,2708.405313883824,True,IDECBA sobre avisos de Argenprop,2026-09-28
chacarita,Chacarita,1,usado,2025-T4,2765.012085441259,True,IDECBA sobre avisos de Argenprop,2026-09-28
chacarita,Chacarita,1,usado,2026-T1,2778.7166227449197,True,IDECBA sobre avisos de Argenprop,2026-09-28
chacarita,Chacarita,1,usado,2026-T2,2827.499168330007,True,IDECBA sobre avisos de Argenprop,2026-09-28
coghlan,Coghlan,1,usado,2024-T3,2492.7172061328793,False,IDECBA sobre avisos de Argenprop,2026-09-28
coghlan,Coghlan,1,usado,2024-T4,2692.216044479746,False,IDECBA sobre avisos de Argenprop,2026-09-28
coghlan,Coghlan,1,usado,2025-T1,2694.8460750296904,True,IDECBA sobre avisos de Argenprop,2026-09-28
coghlan,Coghlan,1,usado,2025-T2,2666.2807351077313,True,IDECBA sobre avisos de Argenprop,2026-09-28
coghlan,Coghlan,1,usado,2025-T3,2722.8759770713914,True,IDECBA sobre avisos de Argenprop,2026-09-28
coghlan,Coghlan,1,usado,2025-T4,2746.489241223103,True,IDECBA sobre avisos de Argenprop,2026-09-28
coghlan,Coghlan,1,usado,2026-T1,2845.9593363313647,True,IDECBA sobre avisos de Argenprop,2026-09-28
coghlan,Coghlan,1,usado,2026-T2,2761.2012760616417,True,IDECBA sobre avisos de Argenprop,2026-09-28
colegiales,Colegiales,1,usado,2024-T3,2819.026455546124,False,IDECBA sobre avisos de Argenprop,2026-09-28
colegiales,Colegiales,1,usado,2024-T4,2813.5039826212887,False,IDECBA sobre avisos de Argenprop,2026-09-28
colegiales,Colegiales,1,usado,2025-T1,2970.7459710019943,True,IDECBA sobre avisos de Argenprop,2026-09-28
colegiales,Colegiales,1,usado,2025-T2,3004.8381229538013,True,IDECBA sobre avisos de Argenprop,2026-09-28
colegiales,Colegiales,1,usado,2025-T3,3126.031033223804,True,IDECBA sobre avisos de Argenprop,2026-09-28
colegiales,Colegiales,1,usado,2025-T4,3227.342757552285,True,IDECBA sobre avisos de Argenprop,2026-09-28
colegiales,Colegiales,1,usado,2026-T1,3186.306740003308,True,IDECBA sobre avisos de Argenprop,2026-09-28
colegiales,Colegiales,1,usado,2026-T2,3115.82501979154,True,IDECBA sobre avisos de Argenprop,2026-09-28
constitucion,Constitución,1,usado,2024-T3,1880.8889115507511,False,IDECBA sobre avisos de Argenprop,2026-09-28
constitucion,Constitución,1,usado,2024-T4,1902.1603965429588,False,IDECBA sobre avisos de Argenprop,2026-09-28
constitucion,Constitución,1,usado,2025-T1,2006.3416867422684,True,IDECBA sobre avisos de Argenprop,2026-09-28
constitucion,Constitución,1,usado,2025-T2,2000.3894455577822,True,IDECBA sobre avisos de Argenprop,2026-09-28
constitucion,Constitución,1,usado,2025-T3,2065.1799687010953,True,IDECBA sobre avisos de Argenprop,2026-09-28
constitucion,Constitución,1,usado,2025-T4,1942.061964241979,True,IDECBA sobre avisos de Argenprop,2026-09-28
constitucion,Constitución,1,usado,2026-T1,1956.0249982830849,True,IDECBA sobre avisos de Argenprop,2026-09-28
constitucion,Constitución,1,usado,2026-T2,1985.691721467641,True,IDECBA sobre avisos de Argenprop,2026-09-28
flores,Flores,1,usado,2024-T3,2072.172848704167,False,IDECBA sobre avisos de Argenprop,2026-09-28
flores,Flores,1,usado,2024-T4,2138.890825512354,False,IDECBA sobre avisos de Argenprop,2026-09-28
flores,Flores,1,usado,2025-T1,2121.604283399253,True,IDECBA sobre avisos de Argenprop,2026-09-28
flores,Flores,1,usado,2025-T2,2170.948140495868,True,IDECBA sobre avisos de Argenprop,2026-09-28
flores,Flores,1,usado,2025-T3,2208.62890625,True,IDECBA sobre avisos de Argenprop,2026-09-28
flores,Flores,1,usado,2025-T4,2218.8104875804966,True,IDECBA sobre avisos de Argenprop,2026-09-28
flores,Flores,1,usado,2026-T1,2214.434666906272,True,IDECBA sobre avisos de Argenprop,2026-09-28
flores,Flores,1,usado,2026-T2,2189.5387078099166,True,IDECBA sobre avisos de Argenprop,2026-09-28
floresta,Floresta,1,usado,2024-T3,1894.8381502890174,False,IDECBA sobre avisos de Argenprop,2026-09-28
floresta,Floresta,1,usado,2024-T4,2017.7032392894462,False,IDECBA sobre avisos de Argenprop,2026-09-28
floresta,Floresta,1,usado,2025-T1,2058.420350522103,True,IDECBA sobre avisos de Argenprop,2026-09-28
floresta,Floresta,1,usado,2025-T2,2068.5370741482966,True,IDECBA sobre avisos de Argenprop,2026-09-28
floresta,Floresta,1,usado,2025-T3,1994.795918367347,True,IDECBA sobre avisos de Argenprop,2026-09-28
floresta,Floresta,1,usado,2025-T4,2009.0277777777778,True,IDECBA sobre avisos de Argenprop,2026-09-28
floresta,Floresta,1,usado,2026-T1,1947.4318677001106,True,IDECBA sobre avisos de Argenprop,2026-09-28
floresta,Floresta,1,usado,2026-T2,1933.042872538969,True,IDECBA sobre avisos de Argenprop,2026-09-28
la paternal,La Paternal,1,usado,2024-T3,,False,IDECBA sobre avisos de Argenprop,2026-09-28
la paternal,La Paternal,1,usado,2024-T4,,False,IDECBA sobre avisos de Argenprop,2026-09-28
la paternal,La Paternal,1,usado,2025-T1,,True,IDECBA sobre avisos de Argenprop,2026-09-28
la paternal,La Paternal,1,usado,2025-T2,,True,IDECBA sobre avisos de Argenprop,2026-09-28
la paternal,La Paternal,1,usado,2025-T3,,True,IDECBA sobre avisos de Argenprop,2026-09-28
la paternal,La Paternal,1,usado,2025-T4,,True,IDECBA sobre avisos de Argenprop,2026-09-28
la paternal,La Paternal,1,usado,2026-T1,2439.5087033804666,True,IDECBA sobre avisos de Argenprop,2026-09-28
la paternal,La Paternal,1,usado,2026-T2,2468.2335984221104,True,IDECBA sobre avisos de Argenprop,2026-09-28
liniers,Liniers,1,usado,2024-T3,1999.7597104510937,False,IDECBA sobre avisos de Argenprop,2026-09-28
liniers,Liniers,1,usado,2024-T4,1979.24827951297,False,IDECBA sobre avisos de Argenprop,2026-09-28
liniers,Liniers,1,usado,2025-T1,2002.35063904153,True,IDECBA sobre avisos de Argenprop,2026-09-28
liniers,Liniers,1,usado,2025-T2,2024.312292358804,True,IDECBA sobre avisos de Argenprop,2026-09-28
liniers,Liniers,1,usado,2025-T3,2058.8100686498856,True,IDECBA sobre avisos de Argenprop,2026-09-28
liniers,Liniers,1,usado,2025-T4,2056.753482737735,True,IDECBA sobre avisos de Argenprop,2026-09-28
liniers,Liniers,1,usado,2026-T1,2119.7763566123135,True,IDECBA sobre avisos de Argenprop,2026-09-28
liniers,Liniers,1,usado,2026-T2,2066.196089026985,True,IDECBA sobre avisos de Argenprop,2026-09-28
mataderos,Mataderos,1,usado,2024-T3,,False,IDECBA sobre avisos de Argenprop,2026-09-28
mataderos,Mataderos,1,usado,2024-T4,1796.8304278922346,False,IDECBA sobre avisos de Argenprop,2026-09-28
mataderos,Mataderos,1,usado,2025-T1,1946.2999244095456,True,IDECBA sobre avisos de Argenprop,2026-09-28
mataderos,Mataderos,1,usado,2025-T2,2038.442521631644,True,IDECBA sobre avisos de Argenprop,2026-09-28
mataderos,Mataderos,1,usado,2025-T3,1943.3666191155492,True,IDECBA sobre avisos de Argenprop,2026-09-28
mataderos,Mataderos,1,usado,2025-T4,,True,IDECBA sobre avisos de Argenprop,2026-09-28
mataderos,Mataderos,1,usado,2026-T1,2015.5172413793102,True,IDECBA sobre avisos de Argenprop,2026-09-28
mataderos,Mataderos,1,usado,2026-T2,2089.22396813586,True,IDECBA sobre avisos de Argenprop,2026-09-28
monte castro,Monte Castro,1,usado,2024-T3,2061.7490765507578,False,IDECBA sobre avisos de Argenprop,2026-09-28
monte castro,Monte Castro,1,usado,2024-T4,2134.29919802591,False,IDECBA sobre avisos de Argenprop,2026-09-28
monte castro,Monte Castro,1,usado,2025-T1,2079.6609787435477,True,IDECBA sobre avisos de Argenprop,2026-09-28
monte castro,Monte Castro,1,usado,2025-T2,2179.723794950268,True,IDECBA sobre avisos de Argenprop,2026-09-28
monte castro,Monte Castro,1,usado,2025-T3,2252.0717321997877,True,IDECBA sobre avisos de Argenprop,2026-09-28
monte castro,Monte Castro,1,usado,2025-T4,2156.704707560628,True,IDECBA sobre avisos de Argenprop,2026-09-28
monte castro,Monte Castro,1,usado,2026-T1,2149.0778203729274,True,IDECBA sobre avisos de Argenprop,2026-09-28
monte castro,Monte Castro,1,usado,2026-T2,2176.439985712733,True,IDECBA sobre avisos de Argenprop,2026-09-28
monserrat,Montserrat,1,usado,2024-T3,2415.8565679115213,False,IDECBA sobre avisos de Argenprop,2026-09-28
monserrat,Montserrat,1,usado,2024-T4,2156.6103992571957,False,IDECBA sobre avisos de Argenprop,2026-09-28
monserrat,Montserrat,1,usado,2025-T1,2289.8967658048336,True,IDECBA sobre avisos de Argenprop,2026-09-28
monserrat,Montserrat,1,usado,2025-T2,2244.8924853842864,True,IDECBA sobre avisos de Argenprop,2026-09-28
monserrat,Montserrat,1,usado,2025-T3,2256.339781628293,True,IDECBA sobre avisos de Argenprop,2026-09-28
monserrat,Montserrat,1,usado,2025-T4,2156.7078905419767,True,IDECBA sobre avisos de Argenprop,2026-09-28
monserrat,Montserrat,1,usado,2026-T1,2301.1984535569386,True,IDECBA sobre avisos de Argenprop,2026-09-28
monserrat,Montserrat,1,usado,2026-T2,2249.3495174236623,True,IDECBA sobre avisos de Argenprop,2026-09-28
nueva pompeya,Nueva Pompeya,1,usado,2024-T3,,False,IDECBA sobre avisos de Argenprop,2026-09-28
nueva pompeya,Nueva Pompeya,1,usado,2024-T4,,False,IDECBA sobre avisos de Argenprop,2026-09-28
nueva pompeya,Nueva Pompeya,1,usado,2025-T1,,True,IDECBA sobre avisos de Argenprop,2026-09-28
nueva pompeya,Nueva Pompeya,1,usado,2025-T2,,True,IDECBA sobre avisos de Argenprop,2026-09-28
nueva pompeya,Nueva Pompeya,1,usado,2025-T3,,True,IDECBA sobre avisos de Argenprop,2026-09-28
nueva pompeya,Nueva Pompeya,1,usado,2025-T4,,True,IDECBA sobre avisos de Argenprop,2026-09-28
nueva pompeya,Nueva Pompeya,1,usado,2026-T1,,True,IDECBA sobre avisos de Argenprop,2026-09-28
nueva pompeya,Nueva Pompeya,1,usado,2026-T2,,True,IDECBA sobre avisos de Argenprop,2026-09-28
nunez,Núñez,1,usado,2024-T3,2976.986237790537,False,IDECBA sobre avisos de Argenprop,2026-09-28
nunez,Núñez,1,usado,2024-T4,2969.3673839771845,False,IDECBA sobre avisos de Argenprop,2026-09-28
nunez,Núñez,1,usado,2025-T1,3076.8273531597474,True,IDECBA sobre avisos de Argenprop,2026-09-28
nunez,Núñez,1,usado,2025-T2,3196.8637092463923,True,IDECBA sobre avisos de Argenprop,2026-09-28
nunez,Núñez,1,usado,2025-T3,3224.671117044949,True,IDECBA sobre avisos de Argenprop,2026-09-28
nunez,Núñez,1,usado,2025-T4,3084.1226327944573,True,IDECBA sobre avisos de Argenprop,2026-09-28
nunez,Núñez,1,usado,2026-T1,3101.2648754799134,True,IDECBA sobre avisos de Argenprop,2026-09-28
nunez,Núñez,1,usado,2026-T2,3098.4060776436486,True,IDECBA sobre avisos de Argenprop,2026-09-28
palermo,Palermo,1,usado,2024-T3,3086.3319882290493,False,IDECBA sobre avisos de Argenprop,2026-09-28
palermo,Palermo,1,usado,2024-T4,3118.5881203757585,False,IDECBA sobre avisos de Argenprop,2026-09-28
palermo,Palermo,1,usado,2025-T1,3186.9424528876866,True,IDECBA sobre avisos de Argenprop,2026-09-28
palermo,Palermo,1,usado,2025-T2,3154.611289904931,True,IDECBA sobre avisos de Argenprop,2026-09-28
palermo,Palermo,1,usado,2025-T3,3160.680064516129,True,IDECBA sobre avisos de Argenprop,2026-09-28
palermo,Palermo,1,usado,2025-T4,3109.209187769102,True,IDECBA sobre avisos de Argenprop,2026-09-28
palermo,Palermo,1,usado,2026-T1,3165.768260255908,True,IDECBA sobre avisos de Argenprop,2026-09-28
palermo,Palermo,1,usado,2026-T2,3172.2263849575615,True,IDECBA sobre avisos de Argenprop,2026-09-28
parque avellaneda,Parque Avellaneda,1,usado,2024-T3,,False,IDECBA sobre avisos de Argenprop,2026-09-28
parque avellaneda,Parque Avellaneda,1,usado,2024-T4,,False,IDECBA sobre avisos de Argenprop,2026-09-28
parque avellaneda,Parque Avellaneda,1,usado,2025-T1,,True,IDECBA sobre avisos de Argenprop,2026-09-28
parque avellaneda,Parque Avellaneda,1,usado,2025-T2,,True,IDECBA sobre avisos de Argenprop,2026-09-28
parque avellaneda,Parque Avellaneda,1,usado,2025-T3,,True,IDECBA sobre avisos de Argenprop,2026-09-28
parque avellaneda,Parque Avellaneda,1,usado,2025-T4,,True,IDECBA sobre avisos de Argenprop,2026-09-28
parque avellaneda,Parque Avellaneda,1,usado,2026-T1,,True,IDECBA sobre avisos de Argenprop,2026-09-28
parque avellaneda,Parque Avellaneda,1,usado,2026-T2,,True,IDECBA sobre avisos de Argenprop,2026-09-28
parque chacabuco,Parque Chacabuco,1,usado,2024-T3,2181.2616566099837,False,IDECBA sobre avisos de Argenprop,2026-09-28
parque chacabuco,Parque Chacabuco,1,usado,2024-T4,2178.859988931931,False,IDECBA sobre avisos de Argenprop,2026-09-28
parque chacabuco,Parque Chacabuco,1,usado,2025-T1,2316.325946286434,True,IDECBA sobre avisos de Argenprop,2026-09-28
parque chacabuco,Parque Chacabuco,1,usado,2025-T2,2365.3040367910066,True,IDECBA sobre avisos de Argenprop,2026-09-28
parque chacabuco,Parque Chacabuco,1,usado,2025-T3,2397.71598173516,True,IDECBA sobre avisos de Argenprop,2026-09-28
parque chacabuco,Parque Chacabuco,1,usado,2025-T4,2391.2061385317297,True,IDECBA sobre avisos de Argenprop,2026-09-28
parque chacabuco,Parque Chacabuco,1,usado,2026-T1,2417.3314987280924,True,IDECBA sobre avisos de Argenprop,2026-09-28
parque chacabuco,Parque Chacabuco,1,usado,2026-T2,2409.636579438196,True,IDECBA sobre avisos de Argenprop,2026-09-28
parque chas,Parque Chas,1,usado,2024-T3,2366.080919939731,False,IDECBA sobre avisos de Argenprop,2026-09-28
parque chas,Parque Chas,1,usado,2024-T4,2403.2711291413116,False,IDECBA sobre avisos de Argenprop,2026-09-28
parque chas,Parque Chas,1,usado,2025-T1,2472.987719305916,True,IDECBA sobre avisos de Argenprop,2026-09-28
parque chas,Parque Chas,1,usado,2025-T2,2527.1170731707316,True,IDECBA sobre avisos de Argenprop,2026-09-28
parque chas,Parque Chas,1,usado,2025-T3,2545.0175644028104,True,IDECBA sobre avisos de Argenprop,2026-09-28
parque chas,Parque Chas,1,usado,2025-T4,2571.7191601049867,True,IDECBA sobre avisos de Argenprop,2026-09-28
parque chas,Parque Chas,1,usado,2026-T1,2493.5065538071512,True,IDECBA sobre avisos de Argenprop,2026-09-28
parque chas,Parque Chas,1,usado,2026-T2,2476.938515573739,True,IDECBA sobre avisos de Argenprop,2026-09-28
parque patricios,Parque Patricios,1,usado,2024-T3,,False,IDECBA sobre avisos de Argenprop,2026-09-28
parque patricios,Parque Patricios,1,usado,2024-T4,1758.8289806234204,False,IDECBA sobre avisos de Argenprop,2026-09-28
parque patricios,Parque Patricios,1,usado,2025-T1,1867.6493505303013,True,IDECBA sobre avisos de Argenprop,2026-09-28
parque patricios,Parque Patricios,1,usado,2025-T2,1796.2515114873036,True,IDECBA sobre avisos de Argenprop,2026-09-28
parque patricios,Parque Patricios,1,usado,2025-T3,1851.9434628975266,True,IDECBA sobre avisos de Argenprop,2026-09-28
parque patricios,Parque Patricios,1,usado,2025-T4,1914.9333333333334,True,IDECBA sobre avisos de Argenprop,2026-09-28
parque patricios,Parque Patricios,1,usado,2026-T1,1874.154101863944,True,IDECBA sobre avisos de Argenprop,2026-09-28
parque patricios,Parque Patricios,1,usado,2026-T2,,True,IDECBA sobre avisos de Argenprop,2026-09-28
puerto madero,Puerto Madero,1,usado,2024-T3,,False,IDECBA sobre avisos de Argenprop,2026-09-28
puerto madero,Puerto Madero,1,usado,2024-T4,6157.799274486094,False,IDECBA sobre avisos de Argenprop,2026-09-28
puerto madero,Puerto Madero,1,usado,2025-T1,,True,IDECBA sobre avisos de Argenprop,2026-09-28
puerto madero,Puerto Madero,1,usado,2025-T2,5864.534746760895,True,IDECBA sobre avisos de Argenprop,2026-09-28
puerto madero,Puerto Madero,1,usado,2025-T3,5639.5014880952385,True,IDECBA sobre avisos de Argenprop,2026-09-28
puerto madero,Puerto Madero,1,usado,2025-T4,5831.362745098039,True,IDECBA sobre avisos de Argenprop,2026-09-28
puerto madero,Puerto Madero,1,usado,2026-T1,6123.816614420062,True,IDECBA sobre avisos de Argenprop,2026-09-28
puerto madero,Puerto Madero,1,usado,2026-T2,6296.34091146468,True,IDECBA sobre avisos de Argenprop,2026-09-28
recoleta,Recoleta,1,usado,2024-T3,2899.760417873805,False,IDECBA sobre avisos de Argenprop,2026-09-28
recoleta,Recoleta,1,usado,2024-T4,2859.783519153802,False,IDECBA sobre avisos de Argenprop,2026-09-28
recoleta,Recoleta,1,usado,2025-T1,2852.3220158580925,True,IDECBA sobre avisos de Argenprop,2026-09-28
recoleta,Recoleta,1,usado,2025-T2,2810.928020232151,True,IDECBA sobre avisos de Argenprop,2026-09-28
recoleta,Recoleta,1,usado,2025-T3,2811.063206577595,True,IDECBA sobre avisos de Argenprop,2026-09-28
recoleta,Recoleta,1,usado,2025-T4,2849.798406862745,True,IDECBA sobre avisos de Argenprop,2026-09-28
recoleta,Recoleta,1,usado,2026-T1,2890.6130505766473,True,IDECBA sobre avisos de Argenprop,2026-09-28
recoleta,Recoleta,1,usado,2026-T2,2890.060628320722,True,IDECBA sobre avisos de Argenprop,2026-09-28
retiro,Retiro,1,usado,2024-T3,2573.35290628707,False,IDECBA sobre avisos de Argenprop,2026-09-28
retiro,Retiro,1,usado,2024-T4,2500.566037735849,False,IDECBA sobre avisos de Argenprop,2026-09-28
retiro,Retiro,1,usado,2025-T1,2485.5022754903334,True,IDECBA sobre avisos de Argenprop,2026-09-28
retiro,Retiro,1,usado,2025-T2,2425.104846526656,True,IDECBA sobre avisos de Argenprop,2026-09-28
retiro,Retiro,1,usado,2025-T3,2377.8503802779965,True,IDECBA sobre avisos de Argenprop,2026-09-28
retiro,Retiro,1,usado,2025-T4,2365.112910221194,True,IDECBA sobre avisos de Argenprop,2026-09-28
retiro,Retiro,1,usado,2026-T1,2353.2400673221186,True,IDECBA sobre avisos de Argenprop,2026-09-28
retiro,Retiro,1,usado,2026-T2,2363.027681769229,True,IDECBA sobre avisos de Argenprop,2026-09-28
saavedra,Saavedra,1,usado,2024-T3,2494.22178831676,False,IDECBA sobre avisos de Argenprop,2026-09-28
saavedra,Saavedra,1,usado,2024-T4,2556.1844984802433,False,IDECBA sobre avisos de Argenprop,2026-09-28
saavedra,Saavedra,1,usado,2025-T1,2669.786127820965,True,IDECBA sobre avisos de Argenprop,2026-09-28
saavedra,Saavedra,1,usado,2025-T2,2726.2866103081537,True,IDECBA sobre avisos de Argenprop,2026-09-28
saavedra,Saavedra,1,usado,2025-T3,2700.893987341772,True,IDECBA sobre avisos de Argenprop,2026-09-28
saavedra,Saavedra,1,usado,2025-T4,2709.8320693391115,True,IDECBA sobre avisos de Argenprop,2026-09-28
saavedra,Saavedra,1,usado,2026-T1,2771.722494107202,True,IDECBA sobre avisos de Argenprop,2026-09-28
saavedra,Saavedra,1,usado,2026-T2,2719.003301531182,True,IDECBA sobre avisos de Argenprop,2026-09-28
san cristobal,San Cristóbal,1,usado,2024-T3,1968.7421181822276,False,IDECBA sobre avisos de Argenprop,2026-09-28
san cristobal,San Cristóbal,1,usado,2024-T4,1969.654998599832,False,IDECBA sobre avisos de Argenprop,2026-09-28
san cristobal,San Cristóbal,1,usado,2025-T1,2001.8654455828573,True,IDECBA sobre avisos de Argenprop,2026-09-28
san cristobal,San Cristóbal,1,usado,2025-T2,2008.4982167352537,True,IDECBA sobre avisos de Argenprop,2026-09-28
san cristobal,San Cristóbal,1,usado,2025-T3,2016.0817820539637,True,IDECBA sobre avisos de Argenprop,2026-09-28
san cristobal,San Cristóbal,1,usado,2025-T4,2028.384980578334,True,IDECBA sobre avisos de Argenprop,2026-09-28
san cristobal,San Cristóbal,1,usado,2026-T1,2005.6777038125706,True,IDECBA sobre avisos de Argenprop,2026-09-28
san cristobal,San Cristóbal,1,usado,2026-T2,2059.913554395521,True,IDECBA sobre avisos de Argenprop,2026-09-28
san nicolas,San Nicolás,1,usado,2024-T3,2021.5469329981402,False,IDECBA sobre avisos de Argenprop,2026-09-28
san nicolas,San Nicolás,1,usado,2024-T4,2064.2668770581777,False,IDECBA sobre avisos de Argenprop,2026-09-28
san nicolas,San Nicolás,1,usado,2025-T1,2085.6330821200577,True,IDECBA sobre avisos de Argenprop,2026-09-28
san nicolas,San Nicolás,1,usado,2025-T2,2042.7763416399546,True,IDECBA sobre avisos de Argenprop,2026-09-28
san nicolas,San Nicolás,1,usado,2025-T3,2043.4658976471665,True,IDECBA sobre avisos de Argenprop,2026-09-28
san nicolas,San Nicolás,1,usado,2025-T4,2065.2466915850086,True,IDECBA sobre avisos de Argenprop,2026-09-28
san nicolas,San Nicolás,1,usado,2026-T1,2011.7748363769315,True,IDECBA sobre avisos de Argenprop,2026-09-28
san nicolas,San Nicolás,1,usado,2026-T2,1950.2821963147753,True,IDECBA sobre avisos de Argenprop,2026-09-28
san telmo,San Telmo,1,usado,2024-T3,2177.777777777778,False,IDECBA sobre avisos de Argenprop,2026-09-28
san telmo,San Telmo,1,usado,2024-T4,2211.013443640124,False,IDECBA sobre avisos de Argenprop,2026-09-28
san telmo,San Telmo,1,usado,2025-T1,2295.1284577227198,True,IDECBA sobre avisos de Argenprop,2026-09-28
san telmo,San Telmo,1,usado,2025-T2,2335.579361953525,True,IDECBA sobre avisos de Argenprop,2026-09-28
san telmo,San Telmo,1,usado,2025-T3,2270.7490039840636,True,IDECBA sobre avisos de Argenprop,2026-09-28
san telmo,San Telmo,1,usado,2025-T4,2254.177874186551,True,IDECBA sobre avisos de Argenprop,2026-09-28
san telmo,San Telmo,1,usado,2026-T1,2239.633365956486,True,IDECBA sobre avisos de Argenprop,2026-09-28
san telmo,San Telmo,1,usado,2026-T2,2227.089477112572,True,IDECBA sobre avisos de Argenprop,2026-09-28
velez sarsfield,Vélez Sarsfield,1,usado,2024-T3,1980.3229061553986,False,IDECBA sobre avisos de Argenprop,2026-09-28
velez sarsfield,Vélez Sarsfield,1,usado,2024-T4,1942.6605504587155,False,IDECBA sobre avisos de Argenprop,2026-09-28
velez sarsfield,Vélez Sarsfield,1,usado,2025-T1,1988.5764819575877,True,IDECBA sobre avisos de Argenprop,2026-09-28
velez sarsfield,Vélez Sarsfield,1,usado,2025-T2,1850.767754318618,True,IDECBA sobre avisos de Argenprop,2026-09-28
velez sarsfield,Vélez Sarsfield,1,usado,2025-T3,2031.140350877193,True,IDECBA sobre avisos de Argenprop,2026-09-28
velez sarsfield,Vélez Sarsfield,1,usado,2025-T4,2067.0776699029125,True,IDECBA sobre avisos de Argenprop,2026-09-28
velez sarsfield,Vélez Sarsfield,1,usado,2026-T1,2010.0001934460477,True,IDECBA sobre avisos de Argenprop,2026-09-28
velez sarsfield,Vélez Sarsfield,1,usado,2026-T2,1973.8865677877586,True,IDECBA sobre avisos de Argenprop,2026-09-28
versalles,Versalles,1,usado,2024-T3,,False,IDECBA sobre avisos de Argenprop,2026-09-28
versalles,Versalles,1,usado,2024-T4,,False,IDECBA sobre avisos de Argenprop,2026-09-28
versalles,Versalles,1,usado,2025-T1,,True,IDECBA sobre avisos de Argenprop,2026-09-28
versalles,Versalles,1,usado,2025-T2,,True,IDECBA sobre avisos de Argenprop,2026-09-28
versalles,Versalles,1,usado,2025-T3,,True,IDECBA sobre avisos de Argenprop,2026-09-28
versalles,Versalles,1,usado,2025-T4,,True,IDECBA sobre avisos de Argenprop,2026-09-28
versalles,Versalles,1,usado,2026-T1,,True,IDECBA sobre avisos de Argenprop,2026-09-28
versalles,Versalles,1,usado,2026-T2,,True,IDECBA sobre avisos de Argenprop,2026-09-28
villa crespo,Villa Crespo,1,usado,2024-T3,2581.49765542278,False,IDECBA sobre avisos de Argenprop,2026-09-28
villa crespo,Villa Crespo,1,usado,2024-T4,2534.1227478937135,False,IDECBA sobre avisos de Argenprop,2026-09-28
villa crespo,Villa Crespo,1,usado,2025-T1,2605.98263924718,True,IDECBA sobre avisos de Argenprop,2026-09-28
villa crespo,Villa Crespo,1,usado,2025-T2,2573.2314891274427,True,IDECBA sobre avisos de Argenprop,2026-09-28
villa crespo,Villa Crespo,1,usado,2025-T3,2561.0530153953005,True,IDECBA sobre avisos de Argenprop,2026-09-28
villa crespo,Villa Crespo,1,usado,2025-T4,2647.73306066803,True,IDECBA sobre avisos de Argenprop,2026-09-28
villa crespo,Villa Crespo,1,usado,2026-T1,2606.9962525439896,True,IDECBA sobre avisos de Argenprop,2026-09-28
villa crespo,Villa Crespo,1,usado,2026-T2,2623.6313446816134,True,IDECBA sobre avisos de Argenprop,2026-09-28
villa del parque,Villa del Parque,1,usado,2024-T3,2161.8111035258953,False,IDECBA sobre avisos de Argenprop,2026-09-28
villa del parque,Villa del Parque,1,usado,2024-T4,2218.3643975245723,False,IDECBA sobre avisos de Argenprop,2026-09-28
villa del parque,Villa del Parque,1,usado,2025-T1,2340.2124784812386,True,IDECBA sobre avisos de Argenprop,2026-09-28
villa del parque,Villa del Parque,1,usado,2025-T2,2398.508490133089,True,IDECBA sobre avisos de Argenprop,2026-09-28
villa del parque,Villa del Parque,1,usado,2025-T3,2415.2038700760195,True,IDECBA sobre avisos de Argenprop,2026-09-28
villa del parque,Villa del Parque,1,usado,2025-T4,2387.8923402753267,True,IDECBA sobre avisos de Argenprop,2026-09-28
villa del parque,Villa del Parque,1,usado,2026-T1,2518.270817852042,True,IDECBA sobre avisos de Argenprop,2026-09-28
villa del parque,Villa del Parque,1,usado,2026-T2,2549.3482498430667,True,IDECBA sobre avisos de Argenprop,2026-09-28
villa devoto,Villa Devoto,1,usado,2024-T3,2355.049695740365,False,IDECBA sobre avisos de Argenprop,2026-09-28
villa devoto,Villa Devoto,1,usado,2024-T4,2425.2379940501487,False,IDECBA sobre avisos de Argenprop,2026-09-28
villa devoto,Villa Devoto,1,usado,2025-T1,2415.9068819511476,True,IDECBA sobre avisos de Argenprop,2026-09-28
villa devoto,Villa Devoto,1,usado,2025-T2,2500.987862440998,True,IDECBA sobre avisos de Argenprop,2026-09-28
villa devoto,Villa Devoto,1,usado,2025-T3,2423.763277693475,True,IDECBA sobre avisos de Argenprop,2026-09-28
villa devoto,Villa Devoto,1,usado,2025-T4,2447.8597910347153,True,IDECBA sobre avisos de Argenprop,2026-09-28
villa devoto,Villa Devoto,1,usado,2026-T1,2515.882502920231,True,IDECBA sobre avisos de Argenprop,2026-09-28
villa devoto,Villa Devoto,1,usado,2026-T2,2558.5258693656106,True,IDECBA sobre avisos de Argenprop,2026-09-28
villa gral. mitre,Villa Gral. Mitre,1,usado,2024-T3,2214.624505928854,False,IDECBA sobre avisos de Argenprop,2026-09-28
villa gral. mitre,Villa Gral. Mitre,1,usado,2024-T4,2244.94623655914,False,IDECBA sobre avisos de Argenprop,2026-09-28
villa gral. mitre,Villa Gral. Mitre,1,usado,2025-T1,2289.6859128670712,True,IDECBA sobre avisos de Argenprop,2026-09-28
villa gral. mitre,Villa Gral. Mitre,1,usado,2025-T2,2244.7204968944097,True,IDECBA sobre avisos de Argenprop,2026-09-28
villa gral. mitre,Villa Gral. Mitre,1,usado,2025-T3,2264.2693190512623,True,IDECBA sobre avisos de Argenprop,2026-09-28
villa gral. mitre,Villa Gral. Mitre,1,usado,2025-T4,2233.599290780142,True,IDECBA sobre avisos de Argenprop,2026-09-28
villa gral. mitre,Villa Gral. Mitre,1,usado,2026-T1,2211.385764053445,True,IDECBA sobre avisos de Argenprop,2026-09-28
villa gral. mitre,Villa Gral. Mitre,1,usado,2026-T2,2320.2302888658983,True,IDECBA sobre avisos de Argenprop,2026-09-28
villa lugano,Villa Lugano,1,usado,2024-T3,,False,IDECBA sobre avisos de Argenprop,2026-09-28
villa lugano,Villa Lugano,1,usado,2024-T4,,False,IDECBA sobre avisos de Argenprop,2026-09-28
villa lugano,Villa Lugano,1,usado,2025-T1,,True,IDECBA sobre avisos de Argenprop,2026-09-28
villa lugano,Villa Lugano,1,usado,2025-T2,,True,IDECBA sobre avisos de Argenprop,2026-09-28
villa lugano,Villa Lugano,1,usado,2025-T3,,True,IDECBA sobre avisos de Argenprop,2026-09-28
villa lugano,Villa Lugano,1,usado,2025-T4,,True,IDECBA sobre avisos de Argenprop,2026-09-28
villa lugano,Villa Lugano,1,usado,2026-T1,,True,IDECBA sobre avisos de Argenprop,2026-09-28
villa lugano,Villa Lugano,1,usado,2026-T2,,True,IDECBA sobre avisos de Argenprop,2026-09-28
villa luro,Villa Luro,1,usado,2024-T3,2096.099252454291,False,IDECBA sobre avisos de Argenprop,2026-09-28
villa luro,Villa Luro,1,usado,2024-T4,2064.2593582887703,False,IDECBA sobre avisos de Argenprop,2026-09-28
villa luro,Villa Luro,1,usado,2025-T1,2037.0146500869582,True,IDECBA sobre avisos de Argenprop,2026-09-28
villa luro,Villa Luro,1,usado,2025-T2,2149.273428232503,True,IDECBA sobre avisos de Argenprop,2026-09-28
villa luro,Villa Luro,1,usado,2025-T3,2111.343180389692,True,IDECBA sobre avisos de Argenprop,2026-09-28
villa luro,Villa Luro,1,usado,2025-T4,2157.071098799631,True,IDECBA sobre avisos de Argenprop,2026-09-28
villa luro,Villa Luro,1,usado,2026-T1,2105.0376258266283,True,IDECBA sobre avisos de Argenprop,2026-09-28
villa luro,Villa Luro,1,usado,2026-T2,2264.234581497797,True,IDECBA sobre avisos de Argenprop,2026-09-28
villa ortuzar,Villa Ortúzar,1,usado,2024-T3,2290.2843601895734,False,IDECBA sobre avisos de Argenprop,2026-09-28
villa ortuzar,Villa Ortúzar,1,usado,2024-T4,2414.0243902439024,False,IDECBA sobre avisos de Argenprop,2026-09-28
villa ortuzar,Villa Ortúzar,1,usado,2025-T1,2500.7383002936344,True,IDECBA sobre avisos de Argenprop,2026-09-28
villa ortuzar,Villa Ortúzar,1,usado,2025-T2,2569.859686609687,True,IDECBA sobre avisos de Argenprop,2026-09-28
villa ortuzar,Villa Ortúzar,1,usado,2025-T3,2589.799019607843,True,IDECBA sobre avisos de Argenprop,2026-09-28
villa ortuzar,Villa Ortúzar,1,usado,2025-T4,2626.988603988604,True,IDECBA sobre avisos de Argenprop,2026-09-28
villa ortuzar,Villa Ortúzar,1,usado,2026-T1,2563.516773191782,True,IDECBA sobre avisos de Argenprop,2026-09-28
villa ortuzar,Villa Ortúzar,1,usado,2026-T2,2519.282369320339,True,IDECBA sobre avisos de Argenprop,2026-09-28
villa pueyrredon,Villa Pueyrredón,1,usado,2024-T3,2334.6770276833413,False,IDECBA sobre avisos de Argenprop,2026-09-28
villa pueyrredon,Villa Pueyrredón,1,usado,2024-T4,2424.995164410058,False,IDECBA sobre avisos de Argenprop,2026-09-28
villa pueyrredon,Villa Pueyrredón,1,usado,2025-T1,2402.2877980903027,True,IDECBA sobre avisos de Argenprop,2026-09-28
villa pueyrredon,Villa Pueyrredón,1,usado,2025-T2,2389.0508474576272,True,IDECBA sobre avisos de Argenprop,2026-09-28
villa pueyrredon,Villa Pueyrredón,1,usado,2025-T3,2422.9135407136323,True,IDECBA sobre avisos de Argenprop,2026-09-28
villa pueyrredon,Villa Pueyrredón,1,usado,2025-T4,2515.3153153153153,True,IDECBA sobre avisos de Argenprop,2026-09-28
villa pueyrredon,Villa Pueyrredón,1,usado,2026-T1,2432.2878966303306,True,IDECBA sobre avisos de Argenprop,2026-09-28
villa pueyrredon,Villa Pueyrredón,1,usado,2026-T2,2541.753390464452,True,IDECBA sobre avisos de Argenprop,2026-09-28
villa real,Villa Real,1,usado,2024-T3,,False,IDECBA sobre avisos de Argenprop,2026-09-28
villa real,Villa Real,1,usado,2024-T4,,False,IDECBA sobre avisos de Argenprop,2026-09-28
villa real,Villa Real,1,usado,2025-T1,,True,IDECBA sobre avisos de Argenprop,2026-09-28
villa real,Villa Real,1,usado,2025-T2,,True,IDECBA sobre avisos de Argenprop,2026-09-28
villa real,Villa Real,1,usado,2025-T3,,True,IDECBA sobre avisos de Argenprop,2026-09-28
villa real,Villa Real,1,usado,2025-T4,,True,IDECBA sobre avisos de Argenprop,2026-09-28
villa real,Villa Real,1,usado,2026-T1,,True,IDECBA sobre avisos de Argenprop,2026-09-28
villa real,Villa Real,1,usado,2026-T2,,True,IDECBA sobre avisos de Argenprop,2026-09-28
villa riachuelo,Villa Riachuelo,1,usado,2024-T3,,False,IDECBA sobre avisos de Argenprop,2026-09-28
villa riachuelo,Villa Riachuelo,1,usado,2024-T4,,False,IDECBA sobre avisos de Argenprop,2026-09-28
villa riachuelo,Villa Riachuelo,1,usado,2025-T1,,True,IDECBA sobre avisos de Argenprop,2026-09-28
villa riachuelo,Villa Riachuelo,1,usado,2025-T2,,True,IDECBA sobre avisos de Argenprop,2026-09-28
villa riachuelo,Villa Riachuelo,1,usado,2025-T3,,True,IDECBA sobre avisos de Argenprop,2026-09-28
villa riachuelo,Villa Riachuelo,1,usado,2025-T4,,True,IDECBA sobre avisos de Argenprop,2026-09-28
villa riachuelo,Villa Riachuelo,1,usado,2026-T1,,True,IDECBA sobre avisos de Argenprop,2026-09-28
villa riachuelo,Villa Riachuelo,1,usado,2026-T2,,True,IDECBA sobre avisos de Argenprop,2026-09-28
villa santa rita,Villa Santa Rita,1,usado,2024-T3,2078.9487354750513,False,IDECBA sobre avisos de Argenprop,2026-09-28
villa santa rita,Villa Santa Rita,1,usado,2024-T4,2047.4050464807437,False,IDECBA sobre avisos de Argenprop,2026-09-28
villa santa rita,Villa Santa Rita,1,usado,2025-T1,2084.0056127463663,True,IDECBA sobre avisos de Argenprop,2026-09-28
villa santa rita,Villa Santa Rita,1,usado,2025-T2,2161.662087912088,True,IDECBA sobre avisos de Argenprop,2026-09-28
villa santa rita,Villa Santa Rita,1,usado,2025-T3,2198.897272199652,True,IDECBA sobre avisos de Argenprop,2026-09-28
villa santa rita,Villa Santa Rita,1,usado,2025-T4,2185.0425531914893,True,IDECBA sobre avisos de Argenprop,2026-09-28
villa santa rita,Villa Santa Rita,1,usado,2026-T1,2200.8256753636574,True,IDECBA sobre avisos de Argenprop,2026-09-28
villa santa rita,Villa Santa Rita,1,usado,2026-T2,2106.9882458315215,True,IDECBA sobre avisos de Argenprop,2026-09-28
villa soldati,Villa Soldati,1,usado,2024-T3,,False,IDECBA sobre avisos de Argenprop,2026-09-28
villa soldati,Villa Soldati,1,usado,2024-T4,,False,IDECBA sobre avisos de Argenprop,2026-09-28
villa soldati,Villa Soldati,1,usado,2025-T1,,True,IDECBA sobre avisos de Argenprop,2026-09-28
villa soldati,Villa Soldati,1,usado,2025-T2,,True,IDECBA sobre avisos de Argenprop,2026-09-28
villa soldati,Villa Soldati,1,usado,2025-T3,,True,IDECBA sobre avisos de Argenprop,2026-09-28
villa soldati,Villa Soldati,1,usado,2025-T4,,True,IDECBA sobre avisos de Argenprop,2026-09-28
villa soldati,Villa Soldati,1,usado,2026-T1,,True,IDECBA sobre avisos de Argenprop,2026-09-28
villa soldati,Villa Soldati,1,usado,2026-T2,,True,IDECBA sobre avisos de Argenprop,2026-09-28
villa urquiza,Villa Urquiza,1,usado,2024-T3,2574.175219890574,False,IDECBA sobre avisos de Argenprop,2026-09-28
villa urquiza,Villa Urquiza,1,usado,2024-T4,2598.1324585635357,False,IDECBA sobre avisos de Argenprop,2026-09-28
villa urquiza,Villa Urquiza,1,usado,2025-T1,2740.7852613292753,True,IDECBA sobre avisos de Argenprop,2026-09-28
villa urquiza,Villa Urquiza,1,usado,2025-T2,2728.317749727287,True,IDECBA sobre avisos de Argenprop,2026-09-28
villa urquiza,Villa Urquiza,1,usado,2025-T3,2753.093745527408,True,IDECBA sobre avisos de Argenprop,2026-09-28
villa urquiza,Villa Urquiza,1,usado,2025-T4,2736.65603435056,True,IDECBA sobre avisos de Argenprop,2026-09-28
villa urquiza,Villa Urquiza,1,usado,2026-T1,2791.097746805096,True,IDECBA sobre avisos de Argenprop,2026-09-28
villa urquiza,Villa Urquiza,1,usado,2026-T2,2776.453994917054,True,IDECBA sobre avisos de Argenprop,2026-09-28
agronomia,Agronomía,1,estrenar,2024-T3,,False,IDECBA sobre avisos de Argenprop,2026-09-28
agronomia,Agronomía,1,estrenar,2024-T4,,False,IDECBA sobre avisos de Argenprop,2026-09-28
agronomia,Agronomía,1,estrenar,2025-T1,,True,IDECBA sobre avisos de Argenprop,2026-09-28
agronomia,Agronomía,1,estrenar,2025-T2,,True,IDECBA sobre avisos de Argenprop,2026-09-28
agronomia,Agronomía,1,estrenar,2025-T3,,True,IDECBA sobre avisos de Argenprop,2026-09-28
agronomia,Agronomía,1,estrenar,2025-T4,,True,IDECBA sobre avisos de Argenprop,2026-09-28
agronomia,Agronomía,1,estrenar,2026-T1,,True,IDECBA sobre avisos de Argenprop,2026-09-28
agronomia,Agronomía,1,estrenar,2026-T2,,True,IDECBA sobre avisos de Argenprop,2026-09-28
almagro,Almagro,1,estrenar,2024-T3,2641.632235268644,False,IDECBA sobre avisos de Argenprop,2026-09-28
almagro,Almagro,1,estrenar,2024-T4,2620.7074800603577,False,IDECBA sobre avisos de Argenprop,2026-09-28
almagro,Almagro,1,estrenar,2025-T1,2700.7505018481297,True,IDECBA sobre avisos de Argenprop,2026-09-28
almagro,Almagro,1,estrenar,2025-T2,2729.615364916773,True,IDECBA sobre avisos de Argenprop,2026-09-28
almagro,Almagro,1,estrenar,2025-T3,2727.1602664576803,True,IDECBA sobre avisos de Argenprop,2026-09-28
almagro,Almagro,1,estrenar,2025-T4,2735.09480229966,True,IDECBA sobre avisos de Argenprop,2026-09-28
almagro,Almagro,1,estrenar,2026-T1,2810.4797797801316,True,IDECBA sobre avisos de Argenprop,2026-09-28
almagro,Almagro,1,estrenar,2026-T2,2771.7153028358316,True,IDECBA sobre avisos de Argenprop,2026-09-28
balvanera,Balvanera,1,estrenar,2024-T3,2371.9386195995785,False,IDECBA sobre avisos de Argenprop,2026-09-28
balvanera,Balvanera,1,estrenar,2024-T4,2369.007601572739,False,IDECBA sobre avisos de Argenprop,2026-09-28
balvanera,Balvanera,1,estrenar,2025-T1,2406.163721564572,True,IDECBA sobre avisos de Argenprop,2026-09-28
balvanera,Balvanera,1,estrenar,2025-T2,2422.365115522291,True,IDECBA sobre avisos de Argenprop,2026-09-28
balvanera,Balvanera,1,estrenar,2025-T3,2533.5124011502517,True,IDECBA sobre avisos de Argenprop,2026-09-28
balvanera,Balvanera,1,estrenar,2025-T4,2560.2371360556676,True,IDECBA sobre avisos de Argenprop,2026-09-28
balvanera,Balvanera,1,estrenar,2026-T1,2540.876985573205,True,IDECBA sobre avisos de Argenprop,2026-09-28
balvanera,Balvanera,1,estrenar,2026-T2,2538.088000182115,True,IDECBA sobre avisos de Argenprop,2026-09-28
barracas,Barracas,1,estrenar,2024-T3,,False,IDECBA sobre avisos de Argenprop,2026-09-28
barracas,Barracas,1,estrenar,2024-T4,,False,IDECBA sobre avisos de Argenprop,2026-09-28
barracas,Barracas,1,estrenar,2025-T1,,True,IDECBA sobre avisos de Argenprop,2026-09-28
barracas,Barracas,1,estrenar,2025-T2,,True,IDECBA sobre avisos de Argenprop,2026-09-28
barracas,Barracas,1,estrenar,2025-T3,,True,IDECBA sobre avisos de Argenprop,2026-09-28
barracas,Barracas,1,estrenar,2025-T4,,True,IDECBA sobre avisos de Argenprop,2026-09-28
barracas,Barracas,1,estrenar,2026-T1,,True,IDECBA sobre avisos de Argenprop,2026-09-28
barracas,Barracas,1,estrenar,2026-T2,,True,IDECBA sobre avisos de Argenprop,2026-09-28
belgrano,Belgrano,1,estrenar,2024-T3,3209.71238759898,False,IDECBA sobre avisos de Argenprop,2026-09-28
belgrano,Belgrano,1,estrenar,2024-T4,3319.1927120841133,False,IDECBA sobre avisos de Argenprop,2026-09-28
belgrano,Belgrano,1,estrenar,2025-T1,3482.589298380698,True,IDECBA sobre avisos de Argenprop,2026-09-28
belgrano,Belgrano,1,estrenar,2025-T2,3562.648654609616,True,IDECBA sobre avisos de Argenprop,2026-09-28
belgrano,Belgrano,1,estrenar,2025-T3,3533.935640755451,True,IDECBA sobre avisos de Argenprop,2026-09-28
belgrano,Belgrano,1,estrenar,2025-T4,3610.9211583174806,True,IDECBA sobre avisos de Argenprop,2026-09-28
belgrano,Belgrano,1,estrenar,2026-T1,3627.5039784013966,True,IDECBA sobre avisos de Argenprop,2026-09-28
belgrano,Belgrano,1,estrenar,2026-T2,3605.7703547475344,True,IDECBA sobre avisos de Argenprop,2026-09-28
la boca,Boca,1,estrenar,2024-T3,,False,IDECBA sobre avisos de Argenprop,2026-09-28
la boca,Boca,1,estrenar,2024-T4,,False,IDECBA sobre avisos de Argenprop,2026-09-28
la boca,Boca,1,estrenar,2025-T1,,True,IDECBA sobre avisos de Argenprop,2026-09-28
la boca,Boca,1,estrenar,2025-T2,,True,IDECBA sobre avisos de Argenprop,2026-09-28
la boca,Boca,1,estrenar,2025-T3,,True,IDECBA sobre avisos de Argenprop,2026-09-28
la boca,Boca,1,estrenar,2025-T4,,True,IDECBA sobre avisos de Argenprop,2026-09-28
la boca,Boca,1,estrenar,2026-T1,,True,IDECBA sobre avisos de Argenprop,2026-09-28
la boca,Boca,1,estrenar,2026-T2,,True,IDECBA sobre avisos de Argenprop,2026-09-28
boedo,Boedo,1,estrenar,2024-T3,2280.003841931943,False,IDECBA sobre avisos de Argenprop,2026-09-28
boedo,Boedo,1,estrenar,2024-T4,2290.095588235294,False,IDECBA sobre avisos de Argenprop,2026-09-28
boedo,Boedo,1,estrenar,2025-T1,,True,IDECBA sobre avisos de Argenprop,2026-09-28
boedo,Boedo,1,estrenar,2025-T2,2338.286880466472,True,IDECBA sobre avisos de Argenprop,2026-09-28
boedo,Boedo,1,estrenar,2025-T3,2397.0518645520788,True,IDECBA sobre avisos de Argenprop,2026-09-28
boedo,Boedo,1,estrenar,2025-T4,2380.2651821862346,True,IDECBA sobre avisos de Argenprop,2026-09-28
boedo,Boedo,1,estrenar,2026-T1,2323.1631072398995,True,IDECBA sobre avisos de Argenprop,2026-09-28
boedo,Boedo,1,estrenar,2026-T2,2268.112609571084,True,IDECBA sobre avisos de Argenprop,2026-09-28
caballito,Caballito,1,estrenar,2024-T3,2682.9993463251217,False,IDECBA sobre avisos de Argenprop,2026-09-28
caballito,Caballito,1,estrenar,2024-T4,2709.4679556810775,False,IDECBA sobre avisos de Argenprop,2026-09-28
caballito,Caballito,1,estrenar,2025-T1,2803.1260866694543,True,IDECBA sobre avisos de Argenprop,2026-09-28
caballito,Caballito,1,estrenar,2025-T2,2790.6637709772954,True,IDECBA sobre avisos de Argenprop,2026-09-28
caballito,Caballito,1,estrenar,2025-T3,2801.125979003499,True,IDECBA sobre avisos de Argenprop,2026-09-28
caballito,Caballito,1,estrenar,2025-T4,2892.611485902093,True,IDECBA sobre avisos de Argenprop,2026-09-28
caballito,Caballito,1,estrenar,2026-T1,2868.6934032279937,True,IDECBA sobre avisos de Argenprop,2026-09-28
caballito,Caballito,1,estrenar,2026-T2,2857.7226305010586,True,IDECBA sobre avisos de Argenprop,2026-09-28
chacarita,Chacarita,1,estrenar,2024-T3,2972.8258350015803,False,IDECBA sobre avisos de Argenprop,2026-09-28
chacarita,Chacarita,1,estrenar,2024-T4,,False,IDECBA sobre avisos de Argenprop,2026-09-28
chacarita,Chacarita,1,estrenar,2025-T1,3013.569192052204,True,IDECBA sobre avisos de Argenprop,2026-09-28
chacarita,Chacarita,1,estrenar,2025-T2,2997.7992854822996,True,IDECBA sobre avisos de Argenprop,2026-09-28
chacarita,Chacarita,1,estrenar,2025-T3,3022.4737757171833,True,IDECBA sobre avisos de Argenprop,2026-09-28
chacarita,Chacarita,1,estrenar,2025-T4,2956.4489389920423,True,IDECBA sobre avisos de Argenprop,2026-09-28
chacarita,Chacarita,1,estrenar,2026-T1,3026.248974768889,True,IDECBA sobre avisos de Argenprop,2026-09-28
chacarita,Chacarita,1,estrenar,2026-T2,3066.952717827789,True,IDECBA sobre avisos de Argenprop,2026-09-28
coghlan,Coghlan,1,estrenar,2024-T3,2643.82825761358,False,IDECBA sobre avisos de Argenprop,2026-09-28
coghlan,Coghlan,1,estrenar,2024-T4,,False,IDECBA sobre avisos de Argenprop,2026-09-28
coghlan,Coghlan,1,estrenar,2025-T1,,True,IDECBA sobre avisos de Argenprop,2026-09-28
coghlan,Coghlan,1,estrenar,2025-T2,2854.8215082552433,True,IDECBA sobre avisos de Argenprop,2026-09-28
coghlan,Coghlan,1,estrenar,2025-T3,,True,IDECBA sobre avisos de Argenprop,2026-09-28
coghlan,Coghlan,1,estrenar,2025-T4,3013.534961832061,True,IDECBA sobre avisos de Argenprop,2026-09-28
coghlan,Coghlan,1,estrenar,2026-T1,2977.420088857834,True,IDECBA sobre avisos de Argenprop,2026-09-28
coghlan,Coghlan,1,estrenar,2026-T2,2997.395787289284,True,IDECBA sobre avisos de Argenprop,2026-09-28
colegiales,Colegiales,1,estrenar,2024-T3,3182.4044244728657,False,IDECBA sobre avisos de Argenprop,2026-09-28
colegiales,Colegiales,1,estrenar,2024-T4,3238.732420659614,False,IDECBA sobre avisos de Argenprop,2026-09-28
colegiales,Colegiales,1,estrenar,2025-T1,3392.7697093999523,True,IDECBA sobre avisos de Argenprop,2026-09-28
colegiales,Colegiales,1,estrenar,2025-T2,3366.010866684336,True,IDECBA sobre avisos de Argenprop,2026-09-28
colegiales,Colegiales,1,estrenar,2025-T3,,True,IDECBA sobre avisos de Argenprop,2026-09-28
colegiales,Colegiales,1,estrenar,2025-T4,3338.956644674835,True,IDECBA sobre avisos de Argenprop,2026-09-28
colegiales,Colegiales,1,estrenar,2026-T1,3535.448469649024,True,IDECBA sobre avisos de Argenprop,2026-09-28
colegiales,Colegiales,1,estrenar,2026-T2,3463.7304521054325,True,IDECBA sobre avisos de Argenprop,2026-09-28
constitucion,Constitución,1,estrenar,2024-T3,2201.054203539823,False,IDECBA sobre avisos de Argenprop,2026-09-28
constitucion,Constitución,1,estrenar,2024-T4,2359.778427205101,False,IDECBA sobre avisos de Argenprop,2026-09-28
constitucion,Constitución,1,estrenar,2025-T1,2418.4979269439,True,IDECBA sobre avisos de Argenprop,2026-09-28
constitucion,Constitución,1,estrenar,2025-T2,2471.455618714473,True,IDECBA sobre avisos de Argenprop,2026-09-28
constitucion,Constitución,1,estrenar,2025-T3,2413.9024213950124,True,IDECBA sobre avisos de Argenprop,2026-09-28
constitucion,Constitución,1,estrenar,2025-T4,2468.081678531285,True,IDECBA sobre avisos de Argenprop,2026-09-28
constitucion,Constitución,1,estrenar,2026-T1,2614.3671936581577,True,IDECBA sobre avisos de Argenprop,2026-09-28
constitucion,Constitución,1,estrenar,2026-T2,2445.165099955237,True,IDECBA sobre avisos de Argenprop,2026-09-28
flores,Flores,1,estrenar,2024-T3,2298.4146283655664,False,IDECBA sobre avisos de Argenprop,2026-09-28
flores,Flores,1,estrenar,2024-T4,,False,IDECBA sobre avisos de Argenprop,2026-09-28
flores,Flores,1,estrenar,2025-T1,2287.965956748905,True,IDECBA sobre avisos de Argenprop,2026-09-28
flores,Flores,1,estrenar,2025-T2,2372.7108877721944,True,IDECBA sobre avisos de Argenprop,2026-09-28
flores,Flores,1,estrenar,2025-T3,2444.422750424448,True,IDECBA sobre avisos de Argenprop,2026-09-28
flores,Flores,1,estrenar,2025-T4,2419.154297549189,True,IDECBA sobre avisos de Argenprop,2026-09-28
flores,Flores,1,estrenar,2026-T1,2434.7620035976197,True,IDECBA sobre avisos de Argenprop,2026-09-28
flores,Flores,1,estrenar,2026-T2,2442.1336562020892,True,IDECBA sobre avisos de Argenprop,2026-09-28
floresta,Floresta,1,estrenar,2024-T3,,False,IDECBA sobre avisos de Argenprop,2026-09-28
floresta,Floresta,1,estrenar,2024-T4,,False,IDECBA sobre avisos de Argenprop,2026-09-28
floresta,Floresta,1,estrenar,2025-T1,,True,IDECBA sobre avisos de Argenprop,2026-09-28
floresta,Floresta,1,estrenar,2025-T2,,True,IDECBA sobre avisos de Argenprop,2026-09-28
floresta,Floresta,1,estrenar,2025-T3,,True,IDECBA sobre avisos de Argenprop,2026-09-28
floresta,Floresta,1,estrenar,2025-T4,,True,IDECBA sobre avisos de Argenprop,2026-09-28
floresta,Floresta,1,estrenar,2026-T1,,True,IDECBA sobre avisos de Argenprop,2026-09-28
floresta,Floresta,1,estrenar,2026-T2,,True,IDECBA sobre avisos de Argenprop,2026-09-28
la paternal,La Paternal,1,estrenar,2024-T3,,False,IDECBA sobre avisos de Argenprop,2026-09-28
la paternal,La Paternal,1,estrenar,2024-T4,,False,IDECBA sobre avisos de Argenprop,2026-09-28
la paternal,La Paternal,1,estrenar,2025-T1,,True,IDECBA sobre avisos de Argenprop,2026-09-28
la paternal,La Paternal,1,estrenar,2025-T2,,True,IDECBA sobre avisos de Argenprop,2026-09-28
la paternal,La Paternal,1,estrenar,2025-T3,,True,IDECBA sobre avisos de Argenprop,2026-09-28
la paternal,La Paternal,1,estrenar,2025-T4,,True,IDECBA sobre avisos de Argenprop,2026-09-28
la paternal,La Paternal,1,estrenar,2026-T1,,True,IDECBA sobre avisos de Argenprop,2026-09-28
la paternal,La Paternal,1,estrenar,2026-T2,,True,IDECBA sobre avisos de Argenprop,2026-09-28
liniers,Liniers,1,estrenar,2024-T3,2086.619303756229,False,IDECBA sobre avisos de Argenprop,2026-09-28
liniers,Liniers,1,estrenar,2024-T4,2276.926499032882,False,IDECBA sobre avisos de Argenprop,2026-09-28
liniers,Liniers,1,estrenar,2025-T1,2309.7741214416214,True,IDECBA sobre avisos de Argenprop,2026-09-28
liniers,Liniers,1,estrenar,2025-T2,2301.076047594413,True,IDECBA sobre avisos de Argenprop,2026-09-28
liniers,Liniers,1,estrenar,2025-T3,2379.562383612663,True,IDECBA sobre avisos de Argenprop,2026-09-28
liniers,Liniers,1,estrenar,2025-T4,2435.376398779247,True,IDECBA sobre avisos de Argenprop,2026-09-28
liniers,Liniers,1,estrenar,2026-T1,2466.7355262460933,True,IDECBA sobre avisos de Argenprop,2026-09-28
liniers,Liniers,1,estrenar,2026-T2,2476.5280310606504,True,IDECBA sobre avisos de Argenprop,2026-09-28
mataderos,Mataderos,1,estrenar,2024-T3,,False,IDECBA sobre avisos de Argenprop,2026-09-28
mataderos,Mataderos,1,estrenar,2024-T4,,False,IDECBA sobre avisos de Argenprop,2026-09-28
mataderos,Mataderos,1,estrenar,2025-T1,,True,IDECBA sobre avisos de Argenprop,2026-09-28
mataderos,Mataderos,1,estrenar,2025-T2,,True,IDECBA sobre avisos de Argenprop,2026-09-28
mataderos,Mataderos,1,estrenar,2025-T3,,True,IDECBA sobre avisos de Argenprop,2026-09-28
mataderos,Mataderos,1,estrenar,2025-T4,,True,IDECBA sobre avisos de Argenprop,2026-09-28
mataderos,Mataderos,1,estrenar,2026-T1,,True,IDECBA sobre avisos de Argenprop,2026-09-28
mataderos,Mataderos,1,estrenar,2026-T2,,True,IDECBA sobre avisos de Argenprop,2026-09-28
monte castro,Monte Castro,1,estrenar,2024-T3,2256.8824956205362,False,IDECBA sobre avisos de Argenprop,2026-09-28
monte castro,Monte Castro,1,estrenar,2024-T4,,False,IDECBA sobre avisos de Argenprop,2026-09-28
monte castro,Monte Castro,1,estrenar,2025-T1,,True,IDECBA sobre avisos de Argenprop,2026-09-28
monte castro,Monte Castro,1,estrenar,2025-T2,2367.118959107807,True,IDECBA sobre avisos de Argenprop,2026-09-28
monte castro,Monte Castro,1,estrenar,2025-T3,,True,IDECBA sobre avisos de Argenprop,2026-09-28
monte castro,Monte Castro,1,estrenar,2025-T4,2509.626637554585,True,IDECBA sobre avisos de Argenprop,2026-09-28
monte castro,Monte Castro,1,estrenar,2026-T1,,True,IDECBA sobre avisos de Argenprop,2026-09-28
monte castro,Monte Castro,1,estrenar,2026-T2,,True,IDECBA sobre avisos de Argenprop,2026-09-28
monserrat,Montserrat,1,estrenar,2024-T3,2717.4293323863635,False,IDECBA sobre avisos de Argenprop,2026-09-28
monserrat,Montserrat,1,estrenar,2024-T4,,False,IDECBA sobre avisos de Argenprop,2026-09-28
monserrat,Montserrat,1,estrenar,2025-T1,,True,IDECBA sobre avisos de Argenprop,2026-09-28
monserrat,Montserrat,1,estrenar,2025-T2,3070.1852272727274,True,IDECBA sobre avisos de Argenprop,2026-09-28
monserrat,Montserrat,1,estrenar,2025-T3,2907.8921927416895,True,IDECBA sobre avisos de Argenprop,2026-09-28
monserrat,Montserrat,1,estrenar,2025-T4,2891.70162037037,True,IDECBA sobre avisos de Argenprop,2026-09-28
monserrat,Montserrat,1,estrenar,2026-T1,3081.800996110081,True,IDECBA sobre avisos de Argenprop,2026-09-28
monserrat,Montserrat,1,estrenar,2026-T2,3274.1657481810844,True,IDECBA sobre avisos de Argenprop,2026-09-28
nueva pompeya,Nueva Pompeya,1,estrenar,2024-T3,,False,IDECBA sobre avisos de Argenprop,2026-09-28
nueva pompeya,Nueva Pompeya,1,estrenar,2024-T4,,False,IDECBA sobre avisos de Argenprop,2026-09-28
nueva pompeya,Nueva Pompeya,1,estrenar,2025-T1,,True,IDECBA sobre avisos de Argenprop,2026-09-28
nueva pompeya,Nueva Pompeya,1,estrenar,2025-T2,,True,IDECBA sobre avisos de Argenprop,2026-09-28
nueva pompeya,Nueva Pompeya,1,estrenar,2025-T3,,True,IDECBA sobre avisos de Argenprop,2026-09-28
nueva pompeya,Nueva Pompeya,1,estrenar,2025-T4,,True,IDECBA sobre avisos de Argenprop,2026-09-28
nueva pompeya,Nueva Pompeya,1,estrenar,2026-T1,,True,IDECBA sobre avisos de Argenprop,2026-09-28
nueva pompeya,Nueva Pompeya,1,estrenar,2026-T2,,True,IDECBA sobre avisos de Argenprop,2026-09-28
nunez,Núñez,1,estrenar,2024-T3,3149.0540597837607,False,IDECBA sobre avisos de Argenprop,2026-09-28
nunez,Núñez,1,estrenar,2024-T4,3197.803487877499,False,IDECBA sobre avisos de Argenprop,2026-09-28
nunez,Núñez,1,estrenar,2025-T1,3372.159932459095,True,IDECBA sobre avisos de Argenprop,2026-09-28
nunez,Núñez,1,estrenar,2025-T2,3399.505867292511,True,IDECBA sobre avisos de Argenprop,2026-09-28
nunez,Núñez,1,estrenar,2025-T3,3535.7217170964377,True,IDECBA sobre avisos de Argenprop,2026-09-28
nunez,Núñez,1,estrenar,2025-T4,3619.486246672582,True,IDECBA sobre avisos de Argenprop,2026-09-28
nunez,Núñez,1,estrenar,2026-T1,3474.5353348128247,True,IDECBA sobre avisos de Argenprop,2026-09-28
nunez,Núñez,1,estrenar,2026-T2,3491.0791810451865,True,IDECBA sobre avisos de Argenprop,2026-09-28
palermo,Palermo,1,estrenar,2024-T3,3514.3690433057614,False,IDECBA sobre avisos de Argenprop,2026-09-28
palermo,Palermo,1,estrenar,2024-T4,3568.4064086503595,False,IDECBA sobre avisos de Argenprop,2026-09-28
palermo,Palermo,1,estrenar,2025-T1,3648.227571597742,True,IDECBA sobre avisos de Argenprop,2026-09-28
palermo,Palermo,1,estrenar,2025-T2,3629.9735141742826,True,IDECBA sobre avisos de Argenprop,2026-09-28
palermo,Palermo,1,estrenar,2025-T3,3729.553120206668,True,IDECBA sobre avisos de Argenprop,2026-09-28
palermo,Palermo,1,estrenar,2025-T4,3720.4451936299515,True,IDECBA sobre avisos de Argenprop,2026-09-28
palermo,Palermo,1,estrenar,2026-T1,3789.4297784150685,True,IDECBA sobre avisos de Argenprop,2026-09-28
palermo,Palermo,1,estrenar,2026-T2,3884.706655861532,True,IDECBA sobre avisos de Argenprop,2026-09-28
parque avellaneda,Parque Avellaneda,1,estrenar,2024-T3,,False,IDECBA sobre avisos de Argenprop,2026-09-28
parque avellaneda,Parque Avellaneda,1,estrenar,2024-T4,,False,IDECBA sobre avisos de Argenprop,2026-09-28
parque avellaneda,Parque Avellaneda,1,estrenar,2025-T1,,True,IDECBA sobre avisos de Argenprop,2026-09-28
parque avellaneda,Parque Avellaneda,1,estrenar,2025-T2,,True,IDECBA sobre avisos de Argenprop,2026-09-28
parque avellaneda,Parque Avellaneda,1,estrenar,2025-T3,,True,IDECBA sobre avisos de Argenprop,2026-09-28
parque avellaneda,Parque Avellaneda,1,estrenar,2025-T4,,True,IDECBA sobre avisos de Argenprop,2026-09-28
parque avellaneda,Parque Avellaneda,1,estrenar,2026-T1,,True,IDECBA sobre avisos de Argenprop,2026-09-28
parque avellaneda,Parque Avellaneda,1,estrenar,2026-T2,,True,IDECBA sobre avisos de Argenprop,2026-09-28
parque chacabuco,Parque Chacabuco,1,estrenar,2024-T3,,False,IDECBA sobre avisos de Argenprop,2026-09-28
parque chacabuco,Parque Chacabuco,1,estrenar,2024-T4,,False,IDECBA sobre avisos de Argenprop,2026-09-28
parque chacabuco,Parque Chacabuco,1,estrenar,2025-T1,,True,IDECBA sobre avisos de Argenprop,2026-09-28
parque chacabuco,Parque Chacabuco,1,estrenar,2025-T2,,True,IDECBA sobre avisos de Argenprop,2026-09-28
parque chacabuco,Parque Chacabuco,1,estrenar,2025-T3,,True,IDECBA sobre avisos de Argenprop,2026-09-28
parque chacabuco,Parque Chacabuco,1,estrenar,2025-T4,2569.577272727273,True,IDECBA sobre avisos de Argenprop,2026-09-28
parque chacabuco,Parque Chacabuco,1,estrenar,2026-T1,,True,IDECBA sobre avisos de Argenprop,2026-09-28
parque chacabuco,Parque Chacabuco,1,estrenar,2026-T2,,True,IDECBA sobre avisos de Argenprop,2026-09-28
parque chas,Parque Chas,1,estrenar,2024-T3,,False,IDECBA sobre avisos de Argenprop,2026-09-28
parque chas,Parque Chas,1,estrenar,2024-T4,,False,IDECBA sobre avisos de Argenprop,2026-09-28
parque chas,Parque Chas,1,estrenar,2025-T1,,True,IDECBA sobre avisos de Argenprop,2026-09-28
parque chas,Parque Chas,1,estrenar,2025-T2,,True,IDECBA sobre avisos de Argenprop,2026-09-28
parque chas,Parque Chas,1,estrenar,2025-T3,,True,IDECBA sobre avisos de Argenprop,2026-09-28
parque chas,Parque Chas,1,estrenar,2025-T4,,True,IDECBA sobre avisos de Argenprop,2026-09-28
parque chas,Parque Chas,1,estrenar,2026-T1,,True,IDECBA sobre avisos de Argenprop,2026-09-28
parque chas,Parque Chas,1,estrenar,2026-T2,,True,IDECBA sobre avisos de Argenprop,2026-09-28
parque patricios,Parque Patricios,1,estrenar,2024-T3,,False,IDECBA sobre avisos de Argenprop,2026-09-28
parque patricios,Parque Patricios,1,estrenar,2024-T4,,False,IDECBA sobre avisos de Argenprop,2026-09-28
parque patricios,Parque Patricios,1,estrenar,2025-T1,,True,IDECBA sobre avisos de Argenprop,2026-09-28
parque patricios,Parque Patricios,1,estrenar,2025-T2,,True,IDECBA sobre avisos de Argenprop,2026-09-28
parque patricios,Parque Patricios,1,estrenar,2025-T3,,True,IDECBA sobre avisos de Argenprop,2026-09-28
parque patricios,Parque Patricios,1,estrenar,2025-T4,,True,IDECBA sobre avisos de Argenprop,2026-09-28
parque patricios,Parque Patricios,1,estrenar,2026-T1,,True,IDECBA sobre avisos de Argenprop,2026-09-28
parque patricios,Parque Patricios,1,estrenar,2026-T2,,True,IDECBA sobre avisos de Argenprop,2026-09-28
puerto madero,Puerto Madero,1,estrenar,2024-T3,,False,IDECBA sobre avisos de Argenprop,2026-09-28
puerto madero,Puerto Madero,1,estrenar,2024-T4,,False,IDECBA sobre avisos de Argenprop,2026-09-28
puerto madero,Puerto Madero,1,estrenar,2025-T1,,True,IDECBA sobre avisos de Argenprop,2026-09-28
puerto madero,Puerto Madero,1,estrenar,2025-T2,,True,IDECBA sobre avisos de Argenprop,2026-09-28
puerto madero,Puerto Madero,1,estrenar,2025-T3,,True,IDECBA sobre avisos de Argenprop,2026-09-28
puerto madero,Puerto Madero,1,estrenar,2025-T4,,True,IDECBA sobre avisos de Argenprop,2026-09-28
puerto madero,Puerto Madero,1,estrenar,2026-T1,,True,IDECBA sobre avisos de Argenprop,2026-09-28
puerto madero,Puerto Madero,1,estrenar,2026-T2,,True,IDECBA sobre avisos de Argenprop,2026-09-28
recoleta,Recoleta,1,estrenar,2024-T3,3334.9556064073226,False,IDECBA sobre avisos de Argenprop,2026-09-28
recoleta,Recoleta,1,estrenar,2024-T4,3425.3296831314074,False,IDECBA sobre avisos de Argenprop,2026-09-28
recoleta,Recoleta,1,estrenar,2025-T1,3323.713405171662,True,IDECBA sobre avisos de Argenprop,2026-09-28
recoleta,Recoleta,1,estrenar,2025-T2,3392.896928327645,True,IDECBA sobre avisos de Argenprop,2026-09-28
recoleta,Recoleta,1,estrenar,2025-T3,3516.1362568519967,True,IDECBA sobre avisos de Argenprop,2026-09-28
recoleta,Recoleta,1,estrenar,2025-T4,3652.6838153503895,True,IDECBA sobre avisos de Argenprop,2026-09-28
recoleta,Recoleta,1,estrenar,2026-T1,3745.277802960726,True,IDECBA sobre avisos de Argenprop,2026-09-28
recoleta,Recoleta,1,estrenar,2026-T2,3734.7480164731614,True,IDECBA sobre avisos de Argenprop,2026-09-28
retiro,Retiro,1,estrenar,2024-T3,,False,IDECBA sobre avisos de Argenprop,2026-09-28
retiro,Retiro,1,estrenar,2024-T4,,False,IDECBA sobre avisos de Argenprop,2026-09-28
retiro,Retiro,1,estrenar,2025-T1,,True,IDECBA sobre avisos de Argenprop,2026-09-28
retiro,Retiro,1,estrenar,2025-T2,,True,IDECBA sobre avisos de Argenprop,2026-09-28
retiro,Retiro,1,estrenar,2025-T3,,True,IDECBA sobre avisos de Argenprop,2026-09-28
retiro,Retiro,1,estrenar,2025-T4,3056.489247311828,True,IDECBA sobre avisos de Argenprop,2026-09-28
retiro,Retiro,1,estrenar,2026-T1,3322.7793607744857,True,IDECBA sobre avisos de Argenprop,2026-09-28
retiro,Retiro,1,estrenar,2026-T2,3389.413842587482,True,IDECBA sobre avisos de Argenprop,2026-09-28
saavedra,Saavedra,1,estrenar,2024-T3,2657.23812849162,False,IDECBA sobre avisos de Argenprop,2026-09-28
saavedra,Saavedra,1,estrenar,2024-T4,2722.862042682927,False,IDECBA sobre avisos de Argenprop,2026-09-28
saavedra,Saavedra,1,estrenar,2025-T1,,True,IDECBA sobre avisos de Argenprop,2026-09-28
saavedra,Saavedra,1,estrenar,2025-T2,,True,IDECBA sobre avisos de Argenprop,2026-09-28
saavedra,Saavedra,1,estrenar,2025-T3,,True,IDECBA sobre avisos de Argenprop,2026-09-28
saavedra,Saavedra,1,estrenar,2025-T4,2949.54124137931,True,IDECBA sobre avisos de Argenprop,2026-09-28
saavedra,Saavedra,1,estrenar,2026-T1,2905.2520247327475,True,IDECBA sobre avisos de Argenprop,2026-09-28
saavedra,Saavedra,1,estrenar,2026-T2,3058.3008605822074,True,IDECBA sobre avisos de Argenprop,2026-09-28
san cristobal,San Cristóbal,1,estrenar,2024-T3,2134.7191190552185,False,IDECBA sobre avisos de Argenprop,2026-09-28
san cristobal,San Cristóbal,1,estrenar,2024-T4,2232.1193331383447,False,IDECBA sobre avisos de Argenprop,2026-09-28
san cristobal,San Cristóbal,1,estrenar,2025-T1,2195.5634999706967,True,IDECBA sobre avisos de Argenprop,2026-09-28
san cristobal,San Cristóbal,1,estrenar,2025-T2,2285.3046924540267,True,IDECBA sobre avisos de Argenprop,2026-09-28
san cristobal,San Cristóbal,1,estrenar,2025-T3,2270.14463840399,True,IDECBA sobre avisos de Argenprop,2026-09-28
san cristobal,San Cristóbal,1,estrenar,2025-T4,2373.009204712813,True,IDECBA sobre avisos de Argenprop,2026-09-28
san cristobal,San Cristóbal,1,estrenar,2026-T1,2348.680101824353,True,IDECBA sobre avisos de Argenprop,2026-09-28
san cristobal,San Cristóbal,1,estrenar,2026-T2,2342.981296675699,True,IDECBA sobre avisos de Argenprop,2026-09-28
san nicolas,San Nicolás,1,estrenar,2024-T3,2451.02416918429,False,IDECBA sobre avisos de Argenprop,2026-09-28
san nicolas,San Nicolás,1,estrenar,2024-T4,2540.3266932270917,False,IDECBA sobre avisos de Argenprop,2026-09-28
san nicolas,San Nicolás,1,estrenar,2025-T1,2563.259378781767,True,IDECBA sobre avisos de Argenprop,2026-09-28
san nicolas,San Nicolás,1,estrenar,2025-T2,2464.721969006381,True,IDECBA sobre avisos de Argenprop,2026-09-28
san nicolas,San Nicolás,1,estrenar,2025-T3,2603.8073654390937,True,IDECBA sobre avisos de Argenprop,2026-09-28
san nicolas,San Nicolás,1,estrenar,2025-T4,2666.2001419446415,True,IDECBA sobre avisos de Argenprop,2026-09-28
san nicolas,San Nicolás,1,estrenar,2026-T1,,True,IDECBA sobre avisos de Argenprop,2026-09-28
san nicolas,San Nicolás,1,estrenar,2026-T2,,True,IDECBA sobre avisos de Argenprop,2026-09-28
san telmo,San Telmo,1,estrenar,2024-T3,,False,IDECBA sobre avisos de Argenprop,2026-09-28
san telmo,San Telmo,1,estrenar,2024-T4,,False,IDECBA sobre avisos de Argenprop,2026-09-28
san telmo,San Telmo,1,estrenar,2025-T1,,True,IDECBA sobre avisos de Argenprop,2026-09-28
san telmo,San Telmo,1,estrenar,2025-T2,,True,IDECBA sobre avisos de Argenprop,2026-09-28
san telmo,San Telmo,1,estrenar,2025-T3,,True,IDECBA sobre avisos de Argenprop,2026-09-28
san telmo,San Telmo,1,estrenar,2025-T4,,True,IDECBA sobre avisos de Argenprop,2026-09-28
san telmo,San Telmo,1,estrenar,2026-T1,,True,IDECBA sobre avisos de Argenprop,2026-09-28
san telmo,San Telmo,1,estrenar,2026-T2,,True,IDECBA sobre avisos de Argenprop,2026-09-28
velez sarsfield,Vélez Sarsfield,1,estrenar,2024-T3,,False,IDECBA sobre avisos de Argenprop,2026-09-28
velez sarsfield,Vélez Sarsfield,1,estrenar,2024-T4,,False,IDECBA sobre avisos de Argenprop,2026-09-28
velez sarsfield,Vélez Sarsfield,1,estrenar,2025-T1,,True,IDECBA sobre avisos de Argenprop,2026-09-28
velez sarsfield,Vélez Sarsfield,1,estrenar,2025-T2,,True,IDECBA sobre avisos de Argenprop,2026-09-28
velez sarsfield,Vélez Sarsfield,1,estrenar,2025-T3,,True,IDECBA sobre avisos de Argenprop,2026-09-28
velez sarsfield,Vélez Sarsfield,1,estrenar,2025-T4,,True,IDECBA sobre avisos de Argenprop,2026-09-28
velez sarsfield,Vélez Sarsfield,1,estrenar,2026-T1,,True,IDECBA sobre avisos de Argenprop,2026-09-28
velez sarsfield,Vélez Sarsfield,1,estrenar,2026-T2,,True,IDECBA sobre avisos de Argenprop,2026-09-28
versalles,Versalles,1,estrenar,2024-T3,,False,IDECBA sobre avisos de Argenprop,2026-09-28
versalles,Versalles,1,estrenar,2024-T4,,False,IDECBA sobre avisos de Argenprop,2026-09-28
versalles,Versalles,1,estrenar,2025-T1,,True,IDECBA sobre avisos de Argenprop,2026-09-28
versalles,Versalles,1,estrenar,2025-T2,,True,IDECBA sobre avisos de Argenprop,2026-09-28
versalles,Versalles,1,estrenar,2025-T3,,True,IDECBA sobre avisos de Argenprop,2026-09-28
versalles,Versalles,1,estrenar,2025-T4,,True,IDECBA sobre avisos de Argenprop,2026-09-28
versalles,Versalles,1,estrenar,2026-T1,,True,IDECBA sobre avisos de Argenprop,2026-09-28
versalles,Versalles,1,estrenar,2026-T2,,True,IDECBA sobre avisos de Argenprop,2026-09-28
villa crespo,Villa Crespo,1,estrenar,2024-T3,2743.585541256624,False,IDECBA sobre avisos de Argenprop,2026-09-28
villa crespo,Villa Crespo,1,estrenar,2024-T4,2708.41816461684,False,IDECBA sobre avisos de Argenprop,2026-09-28
villa crespo,Villa Crespo,1,estrenar,2025-T1,2736.9044509748032,True,IDECBA sobre avisos de Argenprop,2026-09-28
villa crespo,Villa Crespo,1,estrenar,2025-T2,2750.357317599655,True,IDECBA sobre avisos de Argenprop,2026-09-28
villa crespo,Villa Crespo,1,estrenar,2025-T3,2843.9825891270875,True,IDECBA sobre avisos de Argenprop,2026-09-28
villa crespo,Villa Crespo,1,estrenar,2025-T4,2908.5276824354573,True,IDECBA sobre avisos de Argenprop,2026-09-28
villa crespo,Villa Crespo,1,estrenar,2026-T1,2940.145221710141,True,IDECBA sobre avisos de Argenprop,2026-09-28
villa crespo,Villa Crespo,1,estrenar,2026-T2,3040.658923239621,True,IDECBA sobre avisos de Argenprop,2026-09-28
villa del parque,Villa del Parque,1,estrenar,2024-T3,2495.264450370996,False,IDECBA sobre avisos de Argenprop,2026-09-28
villa del parque,Villa del Parque,1,estrenar,2024-T4,2564.64464186563,False,IDECBA sobre avisos de Argenprop,2026-09-28
villa del parque,Villa del Parque,1,estrenar,2025-T1,2560.1394756641007,True,IDECBA sobre avisos de Argenprop,2026-09-28
villa del parque,Villa del Parque,1,estrenar,2025-T2,,True,IDECBA sobre avisos de Argenprop,2026-09-28
villa del parque,Villa del Parque,1,estrenar,2025-T3,,True,IDECBA sobre avisos de Argenprop,2026-09-28
villa del parque,Villa del Parque,1,estrenar,2025-T4,2574.061830574489,True,IDECBA sobre avisos de Argenprop,2026-09-28
villa del parque,Villa del Parque,1,estrenar,2026-T1,,True,IDECBA sobre avisos de Argenprop,2026-09-28
villa del parque,Villa del Parque,1,estrenar,2026-T2,,True,IDECBA sobre avisos de Argenprop,2026-09-28
villa devoto,Villa Devoto,1,estrenar,2024-T3,2623.0969280403983,False,IDECBA sobre avisos de Argenprop,2026-09-28
villa devoto,Villa Devoto,1,estrenar,2024-T4,2596.635185718399,False,IDECBA sobre avisos de Argenprop,2026-09-28
villa devoto,Villa Devoto,1,estrenar,2025-T1,2765.8058142337713,True,IDECBA sobre avisos de Argenprop,2026-09-28
villa devoto,Villa Devoto,1,estrenar,2025-T2,2939.3854633138135,True,IDECBA sobre avisos de Argenprop,2026-09-28
villa devoto,Villa Devoto,1,estrenar,2025-T3,2886.515816471929,True,IDECBA sobre avisos de Argenprop,2026-09-28
villa devoto,Villa Devoto,1,estrenar,2025-T4,2933.3424137931033,True,IDECBA sobre avisos de Argenprop,2026-09-28
villa devoto,Villa Devoto,1,estrenar,2026-T1,2974.4242798353907,True,IDECBA sobre avisos de Argenprop,2026-09-28
villa devoto,Villa Devoto,1,estrenar,2026-T2,2962.2471623981373,True,IDECBA sobre avisos de Argenprop,2026-09-28
villa gral. mitre,Villa Gral. Mitre,1,estrenar,2024-T3,,False,IDECBA sobre avisos de Argenprop,2026-09-28
villa gral. mitre,Villa Gral. Mitre,1,estrenar,2024-T4,,False,IDECBA sobre avisos de Argenprop,2026-09-28
villa gral. mitre,Villa Gral. Mitre,1,estrenar,2025-T1,,True,IDECBA sobre avisos de Argenprop,2026-09-28
villa gral. mitre,Villa Gral. Mitre,1,estrenar,2025-T2,,True,IDECBA sobre avisos de Argenprop,2026-09-28
villa gral. mitre,Villa Gral. Mitre,1,estrenar,2025-T3,,True,IDECBA sobre avisos de Argenprop,2026-09-28
villa gral. mitre,Villa Gral. Mitre,1,estrenar,2025-T4,,True,IDECBA sobre avisos de Argenprop,2026-09-28
villa gral. mitre,Villa Gral. Mitre,1,estrenar,2026-T1,,True,IDECBA sobre avisos de Argenprop,2026-09-28
villa gral. mitre,Villa Gral. Mitre,1,estrenar,2026-T2,,True,IDECBA sobre avisos de Argenprop,2026-09-28
villa lugano,Villa Lugano,1,estrenar,2024-T3,,False,IDECBA sobre avisos de Argenprop,2026-09-28
villa lugano,Villa Lugano,1,estrenar,2024-T4,,False,IDECBA sobre avisos de Argenprop,2026-09-28
villa lugano,Villa Lugano,1,estrenar,2025-T1,,True,IDECBA sobre avisos de Argenprop,2026-09-28
villa lugano,Villa Lugano,1,estrenar,2025-T2,,True,IDECBA sobre avisos de Argenprop,2026-09-28
villa lugano,Villa Lugano,1,estrenar,2025-T3,,True,IDECBA sobre avisos de Argenprop,2026-09-28
villa lugano,Villa Lugano,1,estrenar,2025-T4,,True,IDECBA sobre avisos de Argenprop,2026-09-28
villa lugano,Villa Lugano,1,estrenar,2026-T1,,True,IDECBA sobre avisos de Argenprop,2026-09-28
villa lugano,Villa Lugano,1,estrenar,2026-T2,,True,IDECBA sobre avisos de Argenprop,2026-09-28
villa luro,Villa Luro,1,estrenar,2024-T3,2266.4060850346996,False,IDECBA sobre avisos de Argenprop,2026-09-28
villa luro,Villa Luro,1,estrenar,2024-T4,2220.8448351648353,False,IDECBA sobre avisos de Argenprop,2026-09-28
villa luro,Villa Luro,1,estrenar,2025-T1,2310.948208170051,True,IDECBA sobre avisos de Argenprop,2026-09-28
villa luro,Villa Luro,1,estrenar,2025-T2,2366.27412172192,True,IDECBA sobre avisos de Argenprop,2026-09-28
villa luro,Villa Luro,1,estrenar,2025-T3,2374.2441283493217,True,IDECBA sobre avisos de Argenprop,2026-09-28
villa luro,Villa Luro,1,estrenar,2025-T4,2395.2238742565846,True,IDECBA sobre avisos de Argenprop,2026-09-28
villa luro,Villa Luro,1,estrenar,2026-T1,2329.200380486912,True,IDECBA sobre avisos de Argenprop,2026-09-28
villa luro,Villa Luro,1,estrenar,2026-T2,,True,IDECBA sobre avisos de Argenprop,2026-09-28
villa ortuzar,Villa Ortúzar,1,estrenar,2024-T3,,False,IDECBA sobre avisos de Argenprop,2026-09-28
villa ortuzar,Villa Ortúzar,1,estrenar,2024-T4,,False,IDECBA sobre avisos de Argenprop,2026-09-28
villa ortuzar,Villa Ortúzar,1,estrenar,2025-T1,,True,IDECBA sobre avisos de Argenprop,2026-09-28
villa ortuzar,Villa Ortúzar,1,estrenar,2025-T2,,True,IDECBA sobre avisos de Argenprop,2026-09-28
villa ortuzar,Villa Ortúzar,1,estrenar,2025-T3,,True,IDECBA sobre avisos de Argenprop,2026-09-28
villa ortuzar,Villa Ortúzar,1,estrenar,2025-T4,,True,IDECBA sobre avisos de Argenprop,2026-09-28
villa ortuzar,Villa Ortúzar,1,estrenar,2026-T1,,True,IDECBA sobre avisos de Argenprop,2026-09-28
villa ortuzar,Villa Ortúzar,1,estrenar,2026-T2,,True,IDECBA sobre avisos de Argenprop,2026-09-28
villa pueyrredon,Villa Pueyrredón,1,estrenar,2024-T3,,False,IDECBA sobre avisos de Argenprop,2026-09-28
villa pueyrredon,Villa Pueyrredón,1,estrenar,2024-T4,,False,IDECBA sobre avisos de Argenprop,2026-09-28
villa pueyrredon,Villa Pueyrredón,1,estrenar,2025-T1,,True,IDECBA sobre avisos de Argenprop,2026-09-28
villa pueyrredon,Villa Pueyrredón,1,estrenar,2025-T2,,True,IDECBA sobre avisos de Argenprop,2026-09-28
villa pueyrredon,Villa Pueyrredón,1,estrenar,2025-T3,,True,IDECBA sobre avisos de Argenprop,2026-09-28
villa pueyrredon,Villa Pueyrredón,1,estrenar,2025-T4,,True,IDECBA sobre avisos de Argenprop,2026-09-28
villa pueyrredon,Villa Pueyrredón,1,estrenar,2026-T1,,True,IDECBA sobre avisos de Argenprop,2026-09-28
villa pueyrredon,Villa Pueyrredón,1,estrenar,2026-T2,,True,IDECBA sobre avisos de Argenprop,2026-09-28
villa real,Villa Real,1,estrenar,2024-T3,,False,IDECBA sobre avisos de Argenprop,2026-09-28
villa real,Villa Real,1,estrenar,2024-T4,,False,IDECBA sobre avisos de Argenprop,2026-09-28
villa real,Villa Real,1,estrenar,2025-T1,,True,IDECBA sobre avisos de Argenprop,2026-09-28
villa real,Villa Real,1,estrenar,2025-T2,,True,IDECBA sobre avisos de Argenprop,2026-09-28
villa real,Villa Real,1,estrenar,2025-T3,,True,IDECBA sobre avisos de Argenprop,2026-09-28
villa real,Villa Real,1,estrenar,2025-T4,,True,IDECBA sobre avisos de Argenprop,2026-09-28
villa real,Villa Real,1,estrenar,2026-T1,,True,IDECBA sobre avisos de Argenprop,2026-09-28
villa real,Villa Real,1,estrenar,2026-T2,,True,IDECBA sobre avisos de Argenprop,2026-09-28
villa riachuelo,Villa Riachuelo,1,estrenar,2024-T3,,False,IDECBA sobre avisos de Argenprop,2026-09-28
villa riachuelo,Villa Riachuelo,1,estrenar,2024-T4,,False,IDECBA sobre avisos de Argenprop,2026-09-28
villa riachuelo,Villa Riachuelo,1,estrenar,2025-T1,,True,IDECBA sobre avisos de Argenprop,2026-09-28
villa riachuelo,Villa Riachuelo,1,estrenar,2025-T2,,True,IDECBA sobre avisos de Argenprop,2026-09-28
villa riachuelo,Villa Riachuelo,1,estrenar,2025-T3,,True,IDECBA sobre avisos de Argenprop,2026-09-28
villa riachuelo,Villa Riachuelo,1,estrenar,2025-T4,,True,IDECBA sobre avisos de Argenprop,2026-09-28
villa riachuelo,Villa Riachuelo,1,estrenar,2026-T1,,True,IDECBA sobre avisos de Argenprop,2026-09-28
villa riachuelo,Villa Riachuelo,1,estrenar,2026-T2,,True,IDECBA sobre avisos de Argenprop,2026-09-28
villa santa rita,Villa Santa Rita,1,estrenar,2024-T3,2116.67651160883,False,IDECBA sobre avisos de Argenprop,2026-09-28
villa santa rita,Villa Santa Rita,1,estrenar,2024-T4,,False,IDECBA sobre avisos de Argenprop,2026-09-28
villa santa rita,Villa Santa Rita,1,estrenar,2025-T1,,True,IDECBA sobre avisos de Argenprop,2026-09-28
villa santa rita,Villa Santa Rita,1,estrenar,2025-T2,,True,IDECBA sobre avisos de Argenprop,2026-09-28
villa santa rita,Villa Santa Rita,1,estrenar,2025-T3,,True,IDECBA sobre avisos de Argenprop,2026-09-28
villa santa rita,Villa Santa Rita,1,estrenar,2025-T4,,True,IDECBA sobre avisos de Argenprop,2026-09-28
villa santa rita,Villa Santa Rita,1,estrenar,2026-T1,,True,IDECBA sobre avisos de Argenprop,2026-09-28
villa santa rita,Villa Santa Rita,1,estrenar,2026-T2,,True,IDECBA sobre avisos de Argenprop,2026-09-28
villa soldati,Villa Soldati,1,estrenar,2024-T3,,False,IDECBA sobre avisos de Argenprop,2026-09-28
villa soldati,Villa Soldati,1,estrenar,2024-T4,,False,IDECBA sobre avisos de Argenprop,2026-09-28
villa soldati,Villa Soldati,1,estrenar,2025-T1,,True,IDECBA sobre avisos de Argenprop,2026-09-28
villa soldati,Villa Soldati,1,estrenar,2025-T2,,True,IDECBA sobre avisos de Argenprop,2026-09-28
villa soldati,Villa Soldati,1,estrenar,2025-T3,,True,IDECBA sobre avisos de Argenprop,2026-09-28
villa soldati,Villa Soldati,1,estrenar,2025-T4,,True,IDECBA sobre avisos de Argenprop,2026-09-28
villa soldati,Villa Soldati,1,estrenar,2026-T1,,True,IDECBA sobre avisos de Argenprop,2026-09-28
villa soldati,Villa Soldati,1,estrenar,2026-T2,,True,IDECBA sobre avisos de Argenprop,2026-09-28
villa urquiza,Villa Urquiza,1,estrenar,2024-T3,2758.05981825841,False,IDECBA sobre avisos de Argenprop,2026-09-28
villa urquiza,Villa Urquiza,1,estrenar,2024-T4,2886.125514806825,False,IDECBA sobre avisos de Argenprop,2026-09-28
villa urquiza,Villa Urquiza,1,estrenar,2025-T1,3022.21537520478,True,IDECBA sobre avisos de Argenprop,2026-09-28
villa urquiza,Villa Urquiza,1,estrenar,2025-T2,2984.1555071978573,True,IDECBA sobre avisos de Argenprop,2026-09-28
villa urquiza,Villa Urquiza,1,estrenar,2025-T3,3028.455155415583,True,IDECBA sobre avisos de Argenprop,2026-09-28
villa urquiza,Villa Urquiza,1,estrenar,2025-T4,3076.8091899149636,True,IDECBA sobre avisos de Argenprop,2026-09-28
villa urquiza,Villa Urquiza,1,estrenar,2026-T1,3253.4361333764664,True,IDECBA sobre avisos de Argenprop,2026-09-28
villa urquiza,Villa Urquiza,1,estrenar,2026-T2,3182.350952706906,True,IDECBA sobre avisos de Argenprop,2026-09-28
agronomia,Agronomía,2,usado,2024-T3,1958.044164037855,False,IDECBA sobre avisos de Argenprop,2026-09-28
agronomia,Agronomía,2,usado,2024-T4,2078.889757623143,False,IDECBA sobre avisos de Argenprop,2026-09-28
agronomia,Agronomía,2,usado,2025-T1,2183.060616507987,True,IDECBA sobre avisos de Argenprop,2026-09-28
agronomia,Agronomía,2,usado,2025-T2,1986.6379310344828,True,IDECBA sobre avisos de Argenprop,2026-09-28
agronomia,Agronomía,2,usado,2025-T3,1970.0878844946642,True,IDECBA sobre avisos de Argenprop,2026-09-28
agronomia,Agronomía,2,usado,2025-T4,2209.923076923077,True,IDECBA sobre avisos de Argenprop,2026-09-28
agronomia,Agronomía,2,usado,2026-T1,2174.068903060262,True,IDECBA sobre avisos de Argenprop,2026-09-28
agronomia,Agronomía,2,usado,2026-T2,2105.5374042361427,True,IDECBA sobre avisos de Argenprop,2026-09-28
almagro,Almagro,2,usado,2024-T3,2080.2827344462794,False,IDECBA sobre avisos de Argenprop,2026-09-28
almagro,Almagro,2,usado,2024-T4,2061.996655353893,False,IDECBA sobre avisos de Argenprop,2026-09-28
almagro,Almagro,2,usado,2025-T1,2109.785589897734,True,IDECBA sobre avisos de Argenprop,2026-09-28
almagro,Almagro,2,usado,2025-T2,2108.4627332179266,True,IDECBA sobre avisos de Argenprop,2026-09-28
almagro,Almagro,2,usado,2025-T3,2096.1917772000174,True,IDECBA sobre avisos de Argenprop,2026-09-28
almagro,Almagro,2,usado,2025-T4,2106.0523182957395,True,IDECBA sobre avisos de Argenprop,2026-09-28
almagro,Almagro,2,usado,2026-T1,2122.2239859279284,True,IDECBA sobre avisos de Argenprop,2026-09-28
almagro,Almagro,2,usado,2026-T2,2116.859622017577,True,IDECBA sobre avisos de Argenprop,2026-09-28
balvanera,Balvanera,2,usado,2024-T3,1692.201649021483,False,IDECBA sobre avisos de Argenprop,2026-09-28
balvanera,Balvanera,2,usado,2024-T4,1695.184552495697,False,IDECBA sobre avisos de Argenprop,2026-09-28
balvanera,Balvanera,2,usado,2025-T1,1751.2118245786232,True,IDECBA sobre avisos de Argenprop,2026-09-28
balvanera,Balvanera,2,usado,2025-T2,1704.5654657990794,True,IDECBA sobre avisos de Argenprop,2026-09-28
balvanera,Balvanera,2,usado,2025-T3,1739.7184846769628,True,IDECBA sobre avisos de Argenprop,2026-09-28
balvanera,Balvanera,2,usado,2025-T4,1727.0622413373367,True,IDECBA sobre avisos de Argenprop,2026-09-28
balvanera,Balvanera,2,usado,2026-T1,1723.3754733548026,True,IDECBA sobre avisos de Argenprop,2026-09-28
balvanera,Balvanera,2,usado,2026-T2,1695.6982568966212,True,IDECBA sobre avisos de Argenprop,2026-09-28
barracas,Barracas,2,usado,2024-T3,1938.582468955442,False,IDECBA sobre avisos de Argenprop,2026-09-28
barracas,Barracas,2,usado,2024-T4,1937.331600981666,False,IDECBA sobre avisos de Argenprop,2026-09-28
barracas,Barracas,2,usado,2025-T1,2028.4887400751602,True,IDECBA sobre avisos de Argenprop,2026-09-28
barracas,Barracas,2,usado,2025-T2,2014.4126272912424,True,IDECBA sobre avisos de Argenprop,2026-09-28
barracas,Barracas,2,usado,2025-T3,2038.4559359067734,True,IDECBA sobre avisos de Argenprop,2026-09-28
barracas,Barracas,2,usado,2025-T4,2020.0368090291138,True,IDECBA sobre avisos de Argenprop,2026-09-28
barracas,Barracas,2,usado,2026-T1,1968.7334136580416,True,IDECBA sobre avisos de Argenprop,2026-09-28
barracas,Barracas,2,usado,2026-T2,1969.131810314054,True,IDECBA sobre avisos de Argenprop,2026-09-28
belgrano,Belgrano,2,usado,2024-T3,2800.100871666557,False,IDECBA sobre avisos de Argenprop,2026-09-28
belgrano,Belgrano,2,usado,2024-T4,2757.28777346146,False,IDECBA sobre avisos de Argenprop,2026-09-28
belgrano,Belgrano,2,usado,2025-T1,2864.1800701869247,True,IDECBA sobre avisos de Argenprop,2026-09-28
belgrano,Belgrano,2,usado,2025-T2,2874.530132555915,True,IDECBA sobre avisos de Argenprop,2026-09-28
belgrano,Belgrano,2,usado,2025-T3,2925.625729531432,True,IDECBA sobre avisos de Argenprop,2026-09-28
belgrano,Belgrano,2,usado,2025-T4,2940.2526734172425,True,IDECBA sobre avisos de Argenprop,2026-09-28
belgrano,Belgrano,2,usado,2026-T1,2937.8848116149484,True,IDECBA sobre avisos de Argenprop,2026-09-28
belgrano,Belgrano,2,usado,2026-T2,2958.491671819472,True,IDECBA sobre avisos de Argenprop,2026-09-28
la boca,Boca,2,usado,2024-T3,1450.079828138687,False,IDECBA sobre avisos de Argenprop,2026-09-28
la boca,Boca,2,usado,2024-T4,1446.802995391705,False,IDECBA sobre avisos de Argenprop,2026-09-28
la boca,Boca,2,usado,2025-T1,1487.8524343077447,True,IDECBA sobre avisos de Argenprop,2026-09-28
la boca,Boca,2,usado,2025-T2,1480.4865398863917,True,IDECBA sobre avisos de Argenprop,2026-09-28
la boca,Boca,2,usado,2025-T3,1515.3375573519772,True,IDECBA sobre avisos de Argenprop,2026-09-28
la boca,Boca,2,usado,2025-T4,1434.3528874686144,True,IDECBA sobre avisos de Argenprop,2026-09-28
la boca,Boca,2,usado,2026-T1,1525.1732751644793,True,IDECBA sobre avisos de Argenprop,2026-09-28
la boca,Boca,2,usado,2026-T2,1505.6569594372702,True,IDECBA sobre avisos de Argenprop,2026-09-28
boedo,Boedo,2,usado,2024-T3,1848.0044431856122,False,IDECBA sobre avisos de Argenprop,2026-09-28
boedo,Boedo,2,usado,2024-T4,1923.4798408029071,False,IDECBA sobre avisos de Argenprop,2026-09-28
boedo,Boedo,2,usado,2025-T1,1937.4985274830563,True,IDECBA sobre avisos de Argenprop,2026-09-28
boedo,Boedo,2,usado,2025-T2,1910.4048503813808,True,IDECBA sobre avisos de Argenprop,2026-09-28
boedo,Boedo,2,usado,2025-T3,1968.7771687771688,True,IDECBA sobre avisos de Argenprop,2026-09-28
boedo,Boedo,2,usado,2025-T4,1935.1346192485432,True,IDECBA sobre avisos de Argenprop,2026-09-28
boedo,Boedo,2,usado,2026-T1,1954.3335228263747,True,IDECBA sobre avisos de Argenprop,2026-09-28
boedo,Boedo,2,usado,2026-T2,1972.4348732807393,True,IDECBA sobre avisos de Argenprop,2026-09-28
caballito,Caballito,2,usado,2024-T3,2246.4916960235455,False,IDECBA sobre avisos de Argenprop,2026-09-28
caballito,Caballito,2,usado,2024-T4,2246.2606951871658,False,IDECBA sobre avisos de Argenprop,2026-09-28
caballito,Caballito,2,usado,2025-T1,2310.2474530878276,True,IDECBA sobre avisos de Argenprop,2026-09-28
caballito,Caballito,2,usado,2025-T2,2295.848245880093,True,IDECBA sobre avisos de Argenprop,2026-09-28
caballito,Caballito,2,usado,2025-T3,2263.1768830655783,True,IDECBA sobre avisos de Argenprop,2026-09-28
caballito,Caballito,2,usado,2025-T4,2251.5644892939813,True,IDECBA sobre avisos de Argenprop,2026-09-28
caballito,Caballito,2,usado,2026-T1,2291.3945537795357,True,IDECBA sobre avisos de Argenprop,2026-09-28
caballito,Caballito,2,usado,2026-T2,2316.665336029205,True,IDECBA sobre avisos de Argenprop,2026-09-28
chacarita,Chacarita,2,usado,2024-T3,2505.4106462681398,False,IDECBA sobre avisos de Argenprop,2026-09-28
chacarita,Chacarita,2,usado,2024-T4,2318.5196374622356,False,IDECBA sobre avisos de Argenprop,2026-09-28
chacarita,Chacarita,2,usado,2025-T1,2421.5386004588795,True,IDECBA sobre avisos de Argenprop,2026-09-28
chacarita,Chacarita,2,usado,2025-T2,2426.3525538707104,True,IDECBA sobre avisos de Argenprop,2026-09-28
chacarita,Chacarita,2,usado,2025-T3,2496.479633567806,True,IDECBA sobre avisos de Argenprop,2026-09-28
chacarita,Chacarita,2,usado,2025-T4,2642.710368011323,True,IDECBA sobre avisos de Argenprop,2026-09-28
chacarita,Chacarita,2,usado,2026-T1,2683.6869165492326,True,IDECBA sobre avisos de Argenprop,2026-09-28
chacarita,Chacarita,2,usado,2026-T2,,True,IDECBA sobre avisos de Argenprop,2026-09-28
coghlan,Coghlan,2,usado,2024-T3,2584.05297532656,False,IDECBA sobre avisos de Argenprop,2026-09-28
coghlan,Coghlan,2,usado,2024-T4,2560.8585178055823,False,IDECBA sobre avisos de Argenprop,2026-09-28
coghlan,Coghlan,2,usado,2025-T1,2830.1678016262968,True,IDECBA sobre avisos de Argenprop,2026-09-28
coghlan,Coghlan,2,usado,2025-T2,2867.2358191765043,True,IDECBA sobre avisos de Argenprop,2026-09-28
coghlan,Coghlan,2,usado,2025-T3,2840.6574143535886,True,IDECBA sobre avisos de Argenprop,2026-09-28
coghlan,Coghlan,2,usado,2025-T4,2798.1308411214955,True,IDECBA sobre avisos de Argenprop,2026-09-28
coghlan,Coghlan,2,usado,2026-T1,2751.8416310617995,True,IDECBA sobre avisos de Argenprop,2026-09-28
coghlan,Coghlan,2,usado,2026-T2,2871.0604435946047,True,IDECBA sobre avisos de Argenprop,2026-09-28
colegiales,Colegiales,2,usado,2024-T3,2546.7972030918263,False,IDECBA sobre avisos de Argenprop,2026-09-28
colegiales,Colegiales,2,usado,2024-T4,2515.8793780193237,False,IDECBA sobre avisos de Argenprop,2026-09-28
colegiales,Colegiales,2,usado,2025-T1,2575.400052262845,True,IDECBA sobre avisos de Argenprop,2026-09-28
colegiales,Colegiales,2,usado,2025-T2,2629.1989847715736,True,IDECBA sobre avisos de Argenprop,2026-09-28
colegiales,Colegiales,2,usado,2025-T3,2696.9976583682524,True,IDECBA sobre avisos de Argenprop,2026-09-28
colegiales,Colegiales,2,usado,2025-T4,2654.406692721055,True,IDECBA sobre avisos de Argenprop,2026-09-28
colegiales,Colegiales,2,usado,2026-T1,2724.5035758671193,True,IDECBA sobre avisos de Argenprop,2026-09-28
colegiales,Colegiales,2,usado,2026-T2,2778.7183584689983,True,IDECBA sobre avisos de Argenprop,2026-09-28
constitucion,Constitución,2,usado,2024-T3,1500.4503863091002,False,IDECBA sobre avisos de Argenprop,2026-09-28
constitucion,Constitución,2,usado,2024-T4,1488.9092620481927,False,IDECBA sobre avisos de Argenprop,2026-09-28
constitucion,Constitución,2,usado,2025-T1,1587.7332158336778,True,IDECBA sobre avisos de Argenprop,2026-09-28
constitucion,Constitución,2,usado,2025-T2,1588.8197336334647,True,IDECBA sobre avisos de Argenprop,2026-09-28
constitucion,Constitución,2,usado,2025-T3,1614.0541634241245,True,IDECBA sobre avisos de Argenprop,2026-09-28
constitucion,Constitución,2,usado,2025-T4,1548.4263876521222,True,IDECBA sobre avisos de Argenprop,2026-09-28
constitucion,Constitución,2,usado,2026-T1,1553.4089565299655,True,IDECBA sobre avisos de Argenprop,2026-09-28
constitucion,Constitución,2,usado,2026-T2,1528.2149536973677,True,IDECBA sobre avisos de Argenprop,2026-09-28
flores,Flores,2,usado,2024-T3,1900.4956932531982,False,IDECBA sobre avisos de Argenprop,2026-09-28
flores,Flores,2,usado,2024-T4,1863.3734977862111,False,IDECBA sobre avisos de Argenprop,2026-09-28
flores,Flores,2,usado,2025-T1,1892.7302501377585,True,IDECBA sobre avisos de Argenprop,2026-09-28
flores,Flores,2,usado,2025-T2,1856.7243767313018,True,IDECBA sobre avisos de Argenprop,2026-09-28
flores,Flores,2,usado,2025-T3,1884.2692870583317,True,IDECBA sobre avisos de Argenprop,2026-09-28
flores,Flores,2,usado,2025-T4,1908.802911762705,True,IDECBA sobre avisos de Argenprop,2026-09-28
flores,Flores,2,usado,2026-T1,1947.1092895808315,True,IDECBA sobre avisos de Argenprop,2026-09-28
flores,Flores,2,usado,2026-T2,1973.6696885612344,True,IDECBA sobre avisos de Argenprop,2026-09-28
floresta,Floresta,2,usado,2024-T3,1701.6455554195734,False,IDECBA sobre avisos de Argenprop,2026-09-28
floresta,Floresta,2,usado,2024-T4,1686.0969917012449,False,IDECBA sobre avisos de Argenprop,2026-09-28
floresta,Floresta,2,usado,2025-T1,1765.6515925277072,True,IDECBA sobre avisos de Argenprop,2026-09-28
floresta,Floresta,2,usado,2025-T2,1765.4378484749097,True,IDECBA sobre avisos de Argenprop,2026-09-28
floresta,Floresta,2,usado,2025-T3,1681.0453648915188,True,IDECBA sobre avisos de Argenprop,2026-09-28
floresta,Floresta,2,usado,2025-T4,1683.105708822726,True,IDECBA sobre avisos de Argenprop,2026-09-28
floresta,Floresta,2,usado,2026-T1,1718.4994561187289,True,IDECBA sobre avisos de Argenprop,2026-09-28
floresta,Floresta,2,usado,2026-T2,1639.1875300272247,True,IDECBA sobre avisos de Argenprop,2026-09-28
la paternal,La Paternal,2,usado,2024-T3,,False,IDECBA sobre avisos de Argenprop,2026-09-28
la paternal,La Paternal,2,usado,2024-T4,1759.9440879926672,False,IDECBA sobre avisos de Argenprop,2026-09-28
la paternal,La Paternal,2,usado,2025-T1,1916.266918417707,True,IDECBA sobre avisos de Argenprop,2026-09-28
la paternal,La Paternal,2,usado,2025-T2,,True,IDECBA sobre avisos de Argenprop,2026-09-28
la paternal,La Paternal,2,usado,2025-T3,1984.2523553162853,True,IDECBA sobre avisos de Argenprop,2026-09-28
la paternal,La Paternal,2,usado,2025-T4,1907.4328974535445,True,IDECBA sobre avisos de Argenprop,2026-09-28
la paternal,La Paternal,2,usado,2026-T1,2023.7918215613383,True,IDECBA sobre avisos de Argenprop,2026-09-28
la paternal,La Paternal,2,usado,2026-T2,2071.380309433011,True,IDECBA sobre avisos de Argenprop,2026-09-28
liniers,Liniers,2,usado,2024-T3,1807.9920939321823,False,IDECBA sobre avisos de Argenprop,2026-09-28
liniers,Liniers,2,usado,2024-T4,1821.811785400176,False,IDECBA sobre avisos de Argenprop,2026-09-28
liniers,Liniers,2,usado,2025-T1,1917.5680487946445,True,IDECBA sobre avisos de Argenprop,2026-09-28
liniers,Liniers,2,usado,2025-T2,1903.4704661256842,True,IDECBA sobre avisos de Argenprop,2026-09-28
liniers,Liniers,2,usado,2025-T3,1896.979744784282,True,IDECBA sobre avisos de Argenprop,2026-09-28
liniers,Liniers,2,usado,2025-T4,1811.9256474519632,True,IDECBA sobre avisos de Argenprop,2026-09-28
liniers,Liniers,2,usado,2026-T1,1941.2766911866386,True,IDECBA sobre avisos de Argenprop,2026-09-28
liniers,Liniers,2,usado,2026-T2,1883.2825740324545,True,IDECBA sobre avisos de Argenprop,2026-09-28
mataderos,Mataderos,2,usado,2024-T3,1751.0778224333212,False,IDECBA sobre avisos de Argenprop,2026-09-28
mataderos,Mataderos,2,usado,2024-T4,1840.746003552398,False,IDECBA sobre avisos de Argenprop,2026-09-28
mataderos,Mataderos,2,usado,2025-T1,1858.251671320978,True,IDECBA sobre avisos de Argenprop,2026-09-28
mataderos,Mataderos,2,usado,2025-T2,1833.2575945443273,True,IDECBA sobre avisos de Argenprop,2026-09-28
mataderos,Mataderos,2,usado,2025-T3,1841.351021652943,True,IDECBA sobre avisos de Argenprop,2026-09-28
mataderos,Mataderos,2,usado,2025-T4,1813.7960339943343,True,IDECBA sobre avisos de Argenprop,2026-09-28
mataderos,Mataderos,2,usado,2026-T1,1806.3532072540636,True,IDECBA sobre avisos de Argenprop,2026-09-28
mataderos,Mataderos,2,usado,2026-T2,1808.2467721909754,True,IDECBA sobre avisos de Argenprop,2026-09-28
monte castro,Monte Castro,2,usado,2024-T3,2059.784507862551,False,IDECBA sobre avisos de Argenprop,2026-09-28
monte castro,Monte Castro,2,usado,2024-T4,2024.8738965952082,False,IDECBA sobre avisos de Argenprop,2026-09-28
monte castro,Monte Castro,2,usado,2025-T1,2050.998237283363,True,IDECBA sobre avisos de Argenprop,2026-09-28
monte castro,Monte Castro,2,usado,2025-T2,2130.991945876289,True,IDECBA sobre avisos de Argenprop,2026-09-28
monte castro,Monte Castro,2,usado,2025-T3,2221.7751970136874,True,IDECBA sobre avisos de Argenprop,2026-09-28
monte castro,Monte Castro,2,usado,2025-T4,2252.737382378101,True,IDECBA sobre avisos de Argenprop,2026-09-28
monte castro,Monte Castro,2,usado,2026-T1,2162.117986675999,True,IDECBA sobre avisos de Argenprop,2026-09-28
monte castro,Monte Castro,2,usado,2026-T2,2226.2273337983693,True,IDECBA sobre avisos de Argenprop,2026-09-28
monserrat,Montserrat,2,usado,2024-T3,1818.4312226781453,False,IDECBA sobre avisos de Argenprop,2026-09-28
monserrat,Montserrat,2,usado,2024-T4,1788.193246004086,False,IDECBA sobre avisos de Argenprop,2026-09-28
monserrat,Montserrat,2,usado,2025-T1,1813.1326428864184,True,IDECBA sobre avisos de Argenprop,2026-09-28
monserrat,Montserrat,2,usado,2025-T2,1768.1804197340953,True,IDECBA sobre avisos de Argenprop,2026-09-28
monserrat,Montserrat,2,usado,2025-T3,1827.0765094339622,True,IDECBA sobre avisos de Argenprop,2026-09-28
monserrat,Montserrat,2,usado,2025-T4,1789.258556547619,True,IDECBA sobre avisos de Argenprop,2026-09-28
monserrat,Montserrat,2,usado,2026-T1,1781.882209105588,True,IDECBA sobre avisos de Argenprop,2026-09-28
monserrat,Montserrat,2,usado,2026-T2,1786.6791866940616,True,IDECBA sobre avisos de Argenprop,2026-09-28
nueva pompeya,Nueva Pompeya,2,usado,2024-T3,1414.511559901307,False,IDECBA sobre avisos de Argenprop,2026-09-28
nueva pompeya,Nueva Pompeya,2,usado,2024-T4,1397.6806314511232,False,IDECBA sobre avisos de Argenprop,2026-09-28
nueva pompeya,Nueva Pompeya,2,usado,2025-T1,1438.8469779082118,True,IDECBA sobre avisos de Argenprop,2026-09-28
nueva pompeya,Nueva Pompeya,2,usado,2025-T2,1378.2113821138212,True,IDECBA sobre avisos de Argenprop,2026-09-28
nueva pompeya,Nueva Pompeya,2,usado,2025-T3,1391.4583333333333,True,IDECBA sobre avisos de Argenprop,2026-09-28
nueva pompeya,Nueva Pompeya,2,usado,2025-T4,1465.0691489361702,True,IDECBA sobre avisos de Argenprop,2026-09-28
nueva pompeya,Nueva Pompeya,2,usado,2026-T1,1476.415036045314,True,IDECBA sobre avisos de Argenprop,2026-09-28
nueva pompeya,Nueva Pompeya,2,usado,2026-T2,1456.5715504606726,True,IDECBA sobre avisos de Argenprop,2026-09-28
nunez,Núñez,2,usado,2024-T3,2875.986338487102,False,IDECBA sobre avisos de Argenprop,2026-09-28
nunez,Núñez,2,usado,2024-T4,2772.020725388601,False,IDECBA sobre avisos de Argenprop,2026-09-28
nunez,Núñez,2,usado,2025-T1,2997.6300489479545,True,IDECBA sobre avisos de Argenprop,2026-09-28
nunez,Núñez,2,usado,2025-T2,2967.8177034711025,True,IDECBA sobre avisos de Argenprop,2026-09-28
nunez,Núñez,2,usado,2025-T3,2925.898126064736,True,IDECBA sobre avisos de Argenprop,2026-09-28
nunez,Núñez,2,usado,2025-T4,2929.740205000479,True,IDECBA sobre avisos de Argenprop,2026-09-28
nunez,Núñez,2,usado,2026-T1,3083.063857144334,True,IDECBA sobre avisos de Argenprop,2026-09-28
nunez,Núñez,2,usado,2026-T2,3266.451898858188,True,IDECBA sobre avisos de Argenprop,2026-09-28
palermo,Palermo,2,usado,2024-T3,3015.551376933524,False,IDECBA sobre avisos de Argenprop,2026-09-28
palermo,Palermo,2,usado,2024-T4,2998.753993006332,False,IDECBA sobre avisos de Argenprop,2026-09-28
palermo,Palermo,2,usado,2025-T1,3111.280754701178,True,IDECBA sobre avisos de Argenprop,2026-09-28
palermo,Palermo,2,usado,2025-T2,3088.7580651363096,True,IDECBA sobre avisos de Argenprop,2026-09-28
palermo,Palermo,2,usado,2025-T3,3084.4948005587457,True,IDECBA sobre avisos de Argenprop,2026-09-28
palermo,Palermo,2,usado,2025-T4,3094.8290584177307,True,IDECBA sobre avisos de Argenprop,2026-09-28
palermo,Palermo,2,usado,2026-T1,3125.459055287811,True,IDECBA sobre avisos de Argenprop,2026-09-28
palermo,Palermo,2,usado,2026-T2,3118.0365393383063,True,IDECBA sobre avisos de Argenprop,2026-09-28
parque avellaneda,Parque Avellaneda,2,usado,2024-T3,1506.5234075211051,False,IDECBA sobre avisos de Argenprop,2026-09-28
parque avellaneda,Parque Avellaneda,2,usado,2024-T4,1636.055469953775,False,IDECBA sobre avisos de Argenprop,2026-09-28
parque avellaneda,Parque Avellaneda,2,usado,2025-T1,1748.0348495930816,True,IDECBA sobre avisos de Argenprop,2026-09-28
parque avellaneda,Parque Avellaneda,2,usado,2025-T2,1793.9834024896265,True,IDECBA sobre avisos de Argenprop,2026-09-28
parque avellaneda,Parque Avellaneda,2,usado,2025-T3,1642.3200859291085,True,IDECBA sobre avisos de Argenprop,2026-09-28
parque avellaneda,Parque Avellaneda,2,usado,2025-T4,1666.9178082191781,True,IDECBA sobre avisos de Argenprop,2026-09-28
parque avellaneda,Parque Avellaneda,2,usado,2026-T1,1647.8359336971282,True,IDECBA sobre avisos de Argenprop,2026-09-28
parque avellaneda,Parque Avellaneda,2,usado,2026-T2,1727.5353542999153,True,IDECBA sobre avisos de Argenprop,2026-09-28
parque chacabuco,Parque Chacabuco,2,usado,2024-T3,2069.746092865232,False,IDECBA sobre avisos de Argenprop,2026-09-28
parque chacabuco,Parque Chacabuco,2,usado,2024-T4,2077.932446922582,False,IDECBA sobre avisos de Argenprop,2026-09-28
parque chacabuco,Parque Chacabuco,2,usado,2025-T1,2163.9134256895854,True,IDECBA sobre avisos de Argenprop,2026-09-28
parque chacabuco,Parque Chacabuco,2,usado,2025-T2,2219.664804469274,True,IDECBA sobre avisos de Argenprop,2026-09-28
parque chacabuco,Parque Chacabuco,2,usado,2025-T3,2201.102442333786,True,IDECBA sobre avisos de Argenprop,2026-09-28
parque chacabuco,Parque Chacabuco,2,usado,2025-T4,2132.2637830171957,True,IDECBA sobre avisos de Argenprop,2026-09-28
parque chacabuco,Parque Chacabuco,2,usado,2026-T1,2173.8104481311884,True,IDECBA sobre avisos de Argenprop,2026-09-28
parque chacabuco,Parque Chacabuco,2,usado,2026-T2,2292.8626761369023,True,IDECBA sobre avisos de Argenprop,2026-09-28
parque chas,Parque Chas,2,usado,2024-T3,2262.5533021320853,False,IDECBA sobre avisos de Argenprop,2026-09-28
parque chas,Parque Chas,2,usado,2024-T4,2337.941662080352,False,IDECBA sobre avisos de Argenprop,2026-09-28
parque chas,Parque Chas,2,usado,2025-T1,2435.7268681624337,True,IDECBA sobre avisos de Argenprop,2026-09-28
parque chas,Parque Chas,2,usado,2025-T2,2445.192765113974,True,IDECBA sobre avisos de Argenprop,2026-09-28
parque chas,Parque Chas,2,usado,2025-T3,2398.662386302836,True,IDECBA sobre avisos de Argenprop,2026-09-28
parque chas,Parque Chas,2,usado,2025-T4,2461.660686827268,True,IDECBA sobre avisos de Argenprop,2026-09-28
parque chas,Parque Chas,2,usado,2026-T1,2516.404981050352,True,IDECBA sobre avisos de Argenprop,2026-09-28
parque chas,Parque Chas,2,usado,2026-T2,2603.748105012392,True,IDECBA sobre avisos de Argenprop,2026-09-28
parque patricios,Parque Patricios,2,usado,2024-T3,1784.5611401677731,False,IDECBA sobre avisos de Argenprop,2026-09-28
parque patricios,Parque Patricios,2,usado,2024-T4,1764.7435897435898,False,IDECBA sobre avisos de Argenprop,2026-09-28
parque patricios,Parque Patricios,2,usado,2025-T1,1706.3533446889378,True,IDECBA sobre avisos de Argenprop,2026-09-28
parque patricios,Parque Patricios,2,usado,2025-T2,1692.2100205902539,True,IDECBA sobre avisos de Argenprop,2026-09-28
parque patricios,Parque Patricios,2,usado,2025-T3,1737.0929036681523,True,IDECBA sobre avisos de Argenprop,2026-09-28
parque patricios,Parque Patricios,2,usado,2025-T4,1696.6438108985926,True,IDECBA sobre avisos de Argenprop,2026-09-28
parque patricios,Parque Patricios,2,usado,2026-T1,1679.11305908116,True,IDECBA sobre avisos de Argenprop,2026-09-28
parque patricios,Parque Patricios,2,usado,2026-T2,1713.130206403171,True,IDECBA sobre avisos de Argenprop,2026-09-28
puerto madero,Puerto Madero,2,usado,2024-T3,5847.091163310962,False,IDECBA sobre avisos de Argenprop,2026-09-28
puerto madero,Puerto Madero,2,usado,2024-T4,5824.0327556655875,False,IDECBA sobre avisos de Argenprop,2026-09-28
puerto madero,Puerto Madero,2,usado,2025-T1,5864.948191648551,True,IDECBA sobre avisos de Argenprop,2026-09-28
puerto madero,Puerto Madero,2,usado,2025-T2,6009.631224525961,True,IDECBA sobre avisos de Argenprop,2026-09-28
puerto madero,Puerto Madero,2,usado,2025-T3,5914.9367108838105,True,IDECBA sobre avisos de Argenprop,2026-09-28
puerto madero,Puerto Madero,2,usado,2025-T4,5977.418470418471,True,IDECBA sobre avisos de Argenprop,2026-09-28
puerto madero,Puerto Madero,2,usado,2026-T1,6008.527802165642,True,IDECBA sobre avisos de Argenprop,2026-09-28
puerto madero,Puerto Madero,2,usado,2026-T2,5805.448202848227,True,IDECBA sobre avisos de Argenprop,2026-09-28
recoleta,Recoleta,2,usado,2024-T3,2662.5116024955646,False,IDECBA sobre avisos de Argenprop,2026-09-28
recoleta,Recoleta,2,usado,2024-T4,2679.2750332115575,False,IDECBA sobre avisos de Argenprop,2026-09-28
recoleta,Recoleta,2,usado,2025-T1,2692.236902587928,True,IDECBA sobre avisos de Argenprop,2026-09-28
recoleta,Recoleta,2,usado,2025-T2,2730.3501676936276,True,IDECBA sobre avisos de Argenprop,2026-09-28
recoleta,Recoleta,2,usado,2025-T3,2761.761415332772,True,IDECBA sobre avisos de Argenprop,2026-09-28
recoleta,Recoleta,2,usado,2025-T4,2723.821436591704,True,IDECBA sobre avisos de Argenprop,2026-09-28
recoleta,Recoleta,2,usado,2026-T1,2687.093117349318,True,IDECBA sobre avisos de Argenprop,2026-09-28
recoleta,Recoleta,2,usado,2026-T2,2679.573958616277,True,IDECBA sobre avisos de Argenprop,2026-09-28
retiro,Retiro,2,usado,2024-T3,2305.130571906929,False,IDECBA sobre avisos de Argenprop,2026-09-28
retiro,Retiro,2,usado,2024-T4,2322.4103335841487,False,IDECBA sobre avisos de Argenprop,2026-09-28
retiro,Retiro,2,usado,2025-T1,2327.7225181450385,True,IDECBA sobre avisos de Argenprop,2026-09-28
retiro,Retiro,2,usado,2025-T2,2318.278935056255,True,IDECBA sobre avisos de Argenprop,2026-09-28
retiro,Retiro,2,usado,2025-T3,2327.3065445273396,True,IDECBA sobre avisos de Argenprop,2026-09-28
retiro,Retiro,2,usado,2025-T4,2341.1931170312014,True,IDECBA sobre avisos de Argenprop,2026-09-28
retiro,Retiro,2,usado,2026-T1,2328.176990079235,True,IDECBA sobre avisos de Argenprop,2026-09-28
retiro,Retiro,2,usado,2026-T2,2259.486092116734,True,IDECBA sobre avisos de Argenprop,2026-09-28
saavedra,Saavedra,2,usado,2024-T3,2543.383010432191,False,IDECBA sobre avisos de Argenprop,2026-09-28
saavedra,Saavedra,2,usado,2024-T4,2537.003243067942,False,IDECBA sobre avisos de Argenprop,2026-09-28
saavedra,Saavedra,2,usado,2025-T1,2608.731087294159,True,IDECBA sobre avisos de Argenprop,2026-09-28
saavedra,Saavedra,2,usado,2025-T2,2718.1002856713276,True,IDECBA sobre avisos de Argenprop,2026-09-28
saavedra,Saavedra,2,usado,2025-T3,2678.1893068617205,True,IDECBA sobre avisos de Argenprop,2026-09-28
saavedra,Saavedra,2,usado,2025-T4,2654.3438991789194,True,IDECBA sobre avisos de Argenprop,2026-09-28
saavedra,Saavedra,2,usado,2026-T1,2854.7131616417914,True,IDECBA sobre avisos de Argenprop,2026-09-28
saavedra,Saavedra,2,usado,2026-T2,2888.229931576237,True,IDECBA sobre avisos de Argenprop,2026-09-28
san cristobal,San Cristóbal,2,usado,2024-T3,1844.4444934750122,False,IDECBA sobre avisos de Argenprop,2026-09-28
san cristobal,San Cristóbal,2,usado,2024-T4,1783.6614943278132,False,IDECBA sobre avisos de Argenprop,2026-09-28
san cristobal,San Cristóbal,2,usado,2025-T1,1792.0633584428142,True,IDECBA sobre avisos de Argenprop,2026-09-28
san cristobal,San Cristóbal,2,usado,2025-T2,1791.6603479615685,True,IDECBA sobre avisos de Argenprop,2026-09-28
san cristobal,San Cristóbal,2,usado,2025-T3,1812.1592477337301,True,IDECBA sobre avisos de Argenprop,2026-09-28
san cristobal,San Cristóbal,2,usado,2025-T4,1798.0394602851325,True,IDECBA sobre avisos de Argenprop,2026-09-28
san cristobal,San Cristóbal,2,usado,2026-T1,1781.0942197755664,True,IDECBA sobre avisos de Argenprop,2026-09-28
san cristobal,San Cristóbal,2,usado,2026-T2,1803.3382183398103,True,IDECBA sobre avisos de Argenprop,2026-09-28
san nicolas,San Nicolás,2,usado,2024-T3,1812.2068798449613,False,IDECBA sobre avisos de Argenprop,2026-09-28
san nicolas,San Nicolás,2,usado,2024-T4,1813.5252915023907,False,IDECBA sobre avisos de Argenprop,2026-09-28
san nicolas,San Nicolás,2,usado,2025-T1,1825.4169877890986,True,IDECBA sobre avisos de Argenprop,2026-09-28
san nicolas,San Nicolás,2,usado,2025-T2,1848.0572629747753,True,IDECBA sobre avisos de Argenprop,2026-09-28
san nicolas,San Nicolás,2,usado,2025-T3,1804.6702865955533,True,IDECBA sobre avisos de Argenprop,2026-09-28
san nicolas,San Nicolás,2,usado,2025-T4,1820.9515575501584,True,IDECBA sobre avisos de Argenprop,2026-09-28
san nicolas,San Nicolás,2,usado,2026-T1,1810.2013576616216,True,IDECBA sobre avisos de Argenprop,2026-09-28
san nicolas,San Nicolás,2,usado,2026-T2,1777.3130007473796,True,IDECBA sobre avisos de Argenprop,2026-09-28
san telmo,San Telmo,2,usado,2024-T3,2134.688503880166,False,IDECBA sobre avisos de Argenprop,2026-09-28
san telmo,San Telmo,2,usado,2024-T4,2043.6134225759768,False,IDECBA sobre avisos de Argenprop,2026-09-28
san telmo,San Telmo,2,usado,2025-T1,1998.2760377990355,True,IDECBA sobre avisos de Argenprop,2026-09-28
san telmo,San Telmo,2,usado,2025-T2,1921.0254797613288,True,IDECBA sobre avisos de Argenprop,2026-09-28
san telmo,San Telmo,2,usado,2025-T3,1953.4201470358205,True,IDECBA sobre avisos de Argenprop,2026-09-28
san telmo,San Telmo,2,usado,2025-T4,1890.6099957882914,True,IDECBA sobre avisos de Argenprop,2026-09-28
san telmo,San Telmo,2,usado,2026-T1,1896.1883870146787,True,IDECBA sobre avisos de Argenprop,2026-09-28
san telmo,San Telmo,2,usado,2026-T2,1854.4106163820327,True,IDECBA sobre avisos de Argenprop,2026-09-28
velez sarsfield,Vélez Sarsfield,2,usado,2024-T3,1734.287361744509,False,IDECBA sobre avisos de Argenprop,2026-09-28
velez sarsfield,Vélez Sarsfield,2,usado,2024-T4,1786.600968188105,False,IDECBA sobre avisos de Argenprop,2026-09-28
velez sarsfield,Vélez Sarsfield,2,usado,2025-T1,1801.9059249405766,True,IDECBA sobre avisos de Argenprop,2026-09-28
velez sarsfield,Vélez Sarsfield,2,usado,2025-T2,1764.6946949602122,True,IDECBA sobre avisos de Argenprop,2026-09-28
velez sarsfield,Vélez Sarsfield,2,usado,2025-T3,1799.4892290249434,True,IDECBA sobre avisos de Argenprop,2026-09-28
velez sarsfield,Vélez Sarsfield,2,usado,2025-T4,1737.7145130490135,True,IDECBA sobre avisos de Argenprop,2026-09-28
velez sarsfield,Vélez Sarsfield,2,usado,2026-T1,1794.9625855012662,True,IDECBA sobre avisos de Argenprop,2026-09-28
velez sarsfield,Vélez Sarsfield,2,usado,2026-T2,1800.1865141822984,True,IDECBA sobre avisos de Argenprop,2026-09-28
versalles,Versalles,2,usado,2024-T3,1908.0,False,IDECBA sobre avisos de Argenprop,2026-09-28
versalles,Versalles,2,usado,2024-T4,1975.3142857142857,False,IDECBA sobre avisos de Argenprop,2026-09-28
versalles,Versalles,2,usado,2025-T1,1916.5657652809543,True,IDECBA sobre avisos de Argenprop,2026-09-28
versalles,Versalles,2,usado,2025-T2,1957.7960140679952,True,IDECBA sobre avisos de Argenprop,2026-09-28
versalles,Versalles,2,usado,2025-T3,,True,IDECBA sobre avisos de Argenprop,2026-09-28
versalles,Versalles,2,usado,2025-T4,,True,IDECBA sobre avisos de Argenprop,2026-09-28
versalles,Versalles,2,usado,2026-T1,,True,IDECBA sobre avisos de Argenprop,2026-09-28
versalles,Versalles,2,usado,2026-T2,,True,IDECBA sobre avisos de Argenprop,2026-09-28
villa crespo,Villa Crespo,2,usado,2024-T3,2231.64201273409,False,IDECBA sobre avisos de Argenprop,2026-09-28
villa crespo,Villa Crespo,2,usado,2024-T4,2250.5945011656886,False,IDECBA sobre avisos de Argenprop,2026-09-28
villa crespo,Villa Crespo,2,usado,2025-T1,2439.81310871282,True,IDECBA sobre avisos de Argenprop,2026-09-28
villa crespo,Villa Crespo,2,usado,2025-T2,2374.2490468201922,True,IDECBA sobre avisos de Argenprop,2026-09-28
villa crespo,Villa Crespo,2,usado,2025-T3,2346.3453298497716,True,IDECBA sobre avisos de Argenprop,2026-09-28
villa crespo,Villa Crespo,2,usado,2025-T4,2322.9785019750834,True,IDECBA sobre avisos de Argenprop,2026-09-28
villa crespo,Villa Crespo,2,usado,2026-T1,2425.8327261435547,True,IDECBA sobre avisos de Argenprop,2026-09-28
villa crespo,Villa Crespo,2,usado,2026-T2,2413.4676478227007,True,IDECBA sobre avisos de Argenprop,2026-09-28
villa del parque,Villa del Parque,2,usado,2024-T3,2247.1193378900193,False,IDECBA sobre avisos de Argenprop,2026-09-28
villa del parque,Villa del Parque,2,usado,2024-T4,2298.410138248848,False,IDECBA sobre avisos de Argenprop,2026-09-28
villa del parque,Villa del Parque,2,usado,2025-T1,2295.8550139203185,True,IDECBA sobre avisos de Argenprop,2026-09-28
villa del parque,Villa del Parque,2,usado,2025-T2,2234.3283582089553,True,IDECBA sobre avisos de Argenprop,2026-09-28
villa del parque,Villa del Parque,2,usado,2025-T3,2252.992421899165,True,IDECBA sobre avisos de Argenprop,2026-09-28
villa del parque,Villa del Parque,2,usado,2025-T4,2230.247260046496,True,IDECBA sobre avisos de Argenprop,2026-09-28
villa del parque,Villa del Parque,2,usado,2026-T1,2252.557621363433,True,IDECBA sobre avisos de Argenprop,2026-09-28
villa del parque,Villa del Parque,2,usado,2026-T2,2310.1855860572587,True,IDECBA sobre avisos de Argenprop,2026-09-28
villa devoto,Villa Devoto,2,usado,2024-T3,2182.9209113100083,False,IDECBA sobre avisos de Argenprop,2026-09-28
villa devoto,Villa Devoto,2,usado,2024-T4,2213.9844130540673,False,IDECBA sobre avisos de Argenprop,2026-09-28
villa devoto,Villa Devoto,2,usado,2025-T1,2390.5658889204656,True,IDECBA sobre avisos de Argenprop,2026-09-28
villa devoto,Villa Devoto,2,usado,2025-T2,2341.3017483609115,True,IDECBA sobre avisos de Argenprop,2026-09-28
villa devoto,Villa Devoto,2,usado,2025-T3,2423.7968686181075,True,IDECBA sobre avisos de Argenprop,2026-09-28
villa devoto,Villa Devoto,2,usado,2025-T4,2440.855281745409,True,IDECBA sobre avisos de Argenprop,2026-09-28
villa devoto,Villa Devoto,2,usado,2026-T1,2486.1506250710463,True,IDECBA sobre avisos de Argenprop,2026-09-28
villa devoto,Villa Devoto,2,usado,2026-T2,2351.736918748695,True,IDECBA sobre avisos de Argenprop,2026-09-28
villa gral. mitre,Villa Gral. Mitre,2,usado,2024-T3,1830.4399487678038,False,IDECBA sobre avisos de Argenprop,2026-09-28
villa gral. mitre,Villa Gral. Mitre,2,usado,2024-T4,1908.2533013205282,False,IDECBA sobre avisos de Argenprop,2026-09-28
villa gral. mitre,Villa Gral. Mitre,2,usado,2025-T1,1968.893077123387,True,IDECBA sobre avisos de Argenprop,2026-09-28
villa gral. mitre,Villa Gral. Mitre,2,usado,2025-T2,1985.22861753631,True,IDECBA sobre avisos de Argenprop,2026-09-28
villa gral. mitre,Villa Gral. Mitre,2,usado,2025-T3,1934.5012787723786,True,IDECBA sobre avisos de Argenprop,2026-09-28
villa gral. mitre,Villa Gral. Mitre,2,usado,2025-T4,1989.6421785940468,True,IDECBA sobre avisos de Argenprop,2026-09-28
villa gral. mitre,Villa Gral. Mitre,2,usado,2026-T1,1961.915131258739,True,IDECBA sobre avisos de Argenprop,2026-09-28
villa gral. mitre,Villa Gral. Mitre,2,usado,2026-T2,2010.66154329903,True,IDECBA sobre avisos de Argenprop,2026-09-28
villa lugano,Villa Lugano,2,usado,2024-T3,1313.4048257372654,False,IDECBA sobre avisos de Argenprop,2026-09-28
villa lugano,Villa Lugano,2,usado,2024-T4,1243.819320214669,False,IDECBA sobre avisos de Argenprop,2026-09-28
villa lugano,Villa Lugano,2,usado,2025-T1,1287.7831242640852,True,IDECBA sobre avisos de Argenprop,2026-09-28
villa lugano,Villa Lugano,2,usado,2025-T2,1405.0,True,IDECBA sobre avisos de Argenprop,2026-09-28
villa lugano,Villa Lugano,2,usado,2025-T3,1519.0439169139465,True,IDECBA sobre avisos de Argenprop,2026-09-28
villa lugano,Villa Lugano,2,usado,2025-T4,1518.1197788697789,True,IDECBA sobre avisos de Argenprop,2026-09-28
villa lugano,Villa Lugano,2,usado,2026-T1,1443.9661139652883,True,IDECBA sobre avisos de Argenprop,2026-09-28
villa lugano,Villa Lugano,2,usado,2026-T2,1437.4048275774408,True,IDECBA sobre avisos de Argenprop,2026-09-28
villa luro,Villa Luro,2,usado,2024-T3,1955.3577691183634,False,IDECBA sobre avisos de Argenprop,2026-09-28
villa luro,Villa Luro,2,usado,2024-T4,1986.2250400427122,False,IDECBA sobre avisos de Argenprop,2026-09-28
villa luro,Villa Luro,2,usado,2025-T1,2081.558761280631,True,IDECBA sobre avisos de Argenprop,2026-09-28
villa luro,Villa Luro,2,usado,2025-T2,2131.710922330097,True,IDECBA sobre avisos de Argenprop,2026-09-28
villa luro,Villa Luro,2,usado,2025-T3,2160.3648762064627,True,IDECBA sobre avisos de Argenprop,2026-09-28
villa luro,Villa Luro,2,usado,2025-T4,2175.0274544256536,True,IDECBA sobre avisos de Argenprop,2026-09-28
villa luro,Villa Luro,2,usado,2026-T1,2156.9116085401297,True,IDECBA sobre avisos de Argenprop,2026-09-28
villa luro,Villa Luro,2,usado,2026-T2,2134.971077360116,True,IDECBA sobre avisos de Argenprop,2026-09-28
villa ortuzar,Villa Ortúzar,2,usado,2024-T3,2689.7309389147813,False,IDECBA sobre avisos de Argenprop,2026-09-28
villa ortuzar,Villa Ortúzar,2,usado,2024-T4,2555.730953139943,False,IDECBA sobre avisos de Argenprop,2026-09-28
villa ortuzar,Villa Ortúzar,2,usado,2025-T1,2754.196006485007,True,IDECBA sobre avisos de Argenprop,2026-09-28
villa ortuzar,Villa Ortúzar,2,usado,2025-T2,2728.4108034498413,True,IDECBA sobre avisos de Argenprop,2026-09-28
villa ortuzar,Villa Ortúzar,2,usado,2025-T3,2727.6027785653528,True,IDECBA sobre avisos de Argenprop,2026-09-28
villa ortuzar,Villa Ortúzar,2,usado,2025-T4,2728.3590315387064,True,IDECBA sobre avisos de Argenprop,2026-09-28
villa ortuzar,Villa Ortúzar,2,usado,2026-T1,2880.6646216969843,True,IDECBA sobre avisos de Argenprop,2026-09-28
villa ortuzar,Villa Ortúzar,2,usado,2026-T2,2826.1443656998213,True,IDECBA sobre avisos de Argenprop,2026-09-28
villa pueyrredon,Villa Pueyrredón,2,usado,2024-T3,2214.656568294594,False,IDECBA sobre avisos de Argenprop,2026-09-28
villa pueyrredon,Villa Pueyrredón,2,usado,2024-T4,2199.6951423785595,False,IDECBA sobre avisos de Argenprop,2026-09-28
villa pueyrredon,Villa Pueyrredón,2,usado,2025-T1,2323.0510375771173,True,IDECBA sobre avisos de Argenprop,2026-09-28
villa pueyrredon,Villa Pueyrredón,2,usado,2025-T2,2337.439969796124,True,IDECBA sobre avisos de Argenprop,2026-09-28
villa pueyrredon,Villa Pueyrredón,2,usado,2025-T3,2390.660018340211,True,IDECBA sobre avisos de Argenprop,2026-09-28
villa pueyrredon,Villa Pueyrredón,2,usado,2025-T4,2385.2675416456336,True,IDECBA sobre avisos de Argenprop,2026-09-28
villa pueyrredon,Villa Pueyrredón,2,usado,2026-T1,2471.862633276663,True,IDECBA sobre avisos de Argenprop,2026-09-28
villa pueyrredon,Villa Pueyrredón,2,usado,2026-T2,2594.0075321430922,True,IDECBA sobre avisos de Argenprop,2026-09-28
villa real,Villa Real,2,usado,2024-T3,,False,IDECBA sobre avisos de Argenprop,2026-09-28
villa real,Villa Real,2,usado,2024-T4,,False,IDECBA sobre avisos de Argenprop,2026-09-28
villa real,Villa Real,2,usado,2025-T1,,True,IDECBA sobre avisos de Argenprop,2026-09-28
villa real,Villa Real,2,usado,2025-T2,,True,IDECBA sobre avisos de Argenprop,2026-09-28
villa real,Villa Real,2,usado,2025-T3,,True,IDECBA sobre avisos de Argenprop,2026-09-28
villa real,Villa Real,2,usado,2025-T4,,True,IDECBA sobre avisos de Argenprop,2026-09-28
villa real,Villa Real,2,usado,2026-T1,,True,IDECBA sobre avisos de Argenprop,2026-09-28
villa real,Villa Real,2,usado,2026-T2,,True,IDECBA sobre avisos de Argenprop,2026-09-28
villa riachuelo,Villa Riachuelo,2,usado,2024-T3,,False,IDECBA sobre avisos de Argenprop,2026-09-28
villa riachuelo,Villa Riachuelo,2,usado,2024-T4,,False,IDECBA sobre avisos de Argenprop,2026-09-28
villa riachuelo,Villa Riachuelo,2,usado,2025-T1,,True,IDECBA sobre avisos de Argenprop,2026-09-28
villa riachuelo,Villa Riachuelo,2,usado,2025-T2,,True,IDECBA sobre avisos de Argenprop,2026-09-28
villa riachuelo,Villa Riachuelo,2,usado,2025-T3,,True,IDECBA sobre avisos de Argenprop,2026-09-28
villa riachuelo,Villa Riachuelo,2,usado,2025-T4,,True,IDECBA sobre avisos de Argenprop,2026-09-28
villa riachuelo,Villa Riachuelo,2,usado,2026-T1,,True,IDECBA sobre avisos de Argenprop,2026-09-28
villa riachuelo,Villa Riachuelo,2,usado,2026-T2,,True,IDECBA sobre avisos de Argenprop,2026-09-28
villa santa rita,Villa Santa Rita,2,usado,2024-T3,1988.7821622864149,False,IDECBA sobre avisos de Argenprop,2026-09-28
villa santa rita,Villa Santa Rita,2,usado,2024-T4,2024.9638459523185,False,IDECBA sobre avisos de Argenprop,2026-09-28
villa santa rita,Villa Santa Rita,2,usado,2025-T1,1950.759189837914,True,IDECBA sobre avisos de Argenprop,2026-09-28
villa santa rita,Villa Santa Rita,2,usado,2025-T2,2020.95236508994,True,IDECBA sobre avisos de Argenprop,2026-09-28
villa santa rita,Villa Santa Rita,2,usado,2025-T3,2056.0298507462685,True,IDECBA sobre avisos de Argenprop,2026-09-28
villa santa rita,Villa Santa Rita,2,usado,2025-T4,2122.3081023454156,True,IDECBA sobre avisos de Argenprop,2026-09-28
villa santa rita,Villa Santa Rita,2,usado,2026-T1,2187.539293260064,True,IDECBA sobre avisos de Argenprop,2026-09-28
villa santa rita,Villa Santa Rita,2,usado,2026-T2,2164.1520642252713,True,IDECBA sobre avisos de Argenprop,2026-09-28
villa soldati,Villa Soldati,2,usado,2024-T3,,False,IDECBA sobre avisos de Argenprop,2026-09-28
villa soldati,Villa Soldati,2,usado,2024-T4,,False,IDECBA sobre avisos de Argenprop,2026-09-28
villa soldati,Villa Soldati,2,usado,2025-T1,,True,IDECBA sobre avisos de Argenprop,2026-09-28
villa soldati,Villa Soldati,2,usado,2025-T2,,True,IDECBA sobre avisos de Argenprop,2026-09-28
villa soldati,Villa Soldati,2,usado,2025-T3,,True,IDECBA sobre avisos de Argenprop,2026-09-28
villa soldati,Villa Soldati,2,usado,2025-T4,,True,IDECBA sobre avisos de Argenprop,2026-09-28
villa soldati,Villa Soldati,2,usado,2026-T1,,True,IDECBA sobre avisos de Argenprop,2026-09-28
villa soldati,Villa Soldati,2,usado,2026-T2,,True,IDECBA sobre avisos de Argenprop,2026-09-28
villa urquiza,Villa Urquiza,2,usado,2024-T3,2735.33116545525,False,IDECBA sobre avisos de Argenprop,2026-09-28
villa urquiza,Villa Urquiza,2,usado,2024-T4,2704.1276755136987,False,IDECBA sobre avisos de Argenprop,2026-09-28
villa urquiza,Villa Urquiza,2,usado,2025-T1,2742.824980117579,True,IDECBA sobre avisos de Argenprop,2026-09-28
villa urquiza,Villa Urquiza,2,usado,2025-T2,2745.549077224456,True,IDECBA sobre avisos de Argenprop,2026-09-28
villa urquiza,Villa Urquiza,2,usado,2025-T3,2727.841780744428,True,IDECBA sobre avisos de Argenprop,2026-09-28
villa urquiza,Villa Urquiza,2,usado,2025-T4,2744.635716661124,True,IDECBA sobre avisos de Argenprop,2026-09-28
villa urquiza,Villa Urquiza,2,usado,2026-T1,2833.8460886368175,True,IDECBA sobre avisos de Argenprop,2026-09-28
villa urquiza,Villa Urquiza,2,usado,2026-T2,2775.0462344150587,True,IDECBA sobre avisos de Argenprop,2026-09-28
agronomia,Agronomía,2,estrenar,2024-T3,,False,IDECBA sobre avisos de Argenprop,2026-09-28
agronomia,Agronomía,2,estrenar,2024-T4,,False,IDECBA sobre avisos de Argenprop,2026-09-28
agronomia,Agronomía,2,estrenar,2025-T1,,True,IDECBA sobre avisos de Argenprop,2026-09-28
agronomia,Agronomía,2,estrenar,2025-T2,,True,IDECBA sobre avisos de Argenprop,2026-09-28
agronomia,Agronomía,2,estrenar,2025-T3,,True,IDECBA sobre avisos de Argenprop,2026-09-28
agronomia,Agronomía,2,estrenar,2025-T4,,True,IDECBA sobre avisos de Argenprop,2026-09-28
agronomia,Agronomía,2,estrenar,2026-T1,,True,IDECBA sobre avisos de Argenprop,2026-09-28
agronomia,Agronomía,2,estrenar,2026-T2,,True,IDECBA sobre avisos de Argenprop,2026-09-28
almagro,Almagro,2,estrenar,2024-T3,2704.7880567091506,False,IDECBA sobre avisos de Argenprop,2026-09-28
almagro,Almagro,2,estrenar,2024-T4,2736.9299130434783,False,IDECBA sobre avisos de Argenprop,2026-09-28
almagro,Almagro,2,estrenar,2025-T1,2857.783259332347,True,IDECBA sobre avisos de Argenprop,2026-09-28
almagro,Almagro,2,estrenar,2025-T2,2906.43904224174,True,IDECBA sobre avisos de Argenprop,2026-09-28
almagro,Almagro,2,estrenar,2025-T3,2977.394408344733,True,IDECBA sobre avisos de Argenprop,2026-09-28
almagro,Almagro,2,estrenar,2025-T4,3056.8693813769646,True,IDECBA sobre avisos de Argenprop,2026-09-28
almagro,Almagro,2,estrenar,2026-T1,2990.641782585606,True,IDECBA sobre avisos de Argenprop,2026-09-28
almagro,Almagro,2,estrenar,2026-T2,2991.753207885976,True,IDECBA sobre avisos de Argenprop,2026-09-28
balvanera,Balvanera,2,estrenar,2024-T3,2439.3310968494748,False,IDECBA sobre avisos de Argenprop,2026-09-28
balvanera,Balvanera,2,estrenar,2024-T4,2476.9018776499092,False,IDECBA sobre avisos de Argenprop,2026-09-28
balvanera,Balvanera,2,estrenar,2025-T1,2538.2625961149333,True,IDECBA sobre avisos de Argenprop,2026-09-28
balvanera,Balvanera,2,estrenar,2025-T2,2558.0757293606457,True,IDECBA sobre avisos de Argenprop,2026-09-28
balvanera,Balvanera,2,estrenar,2025-T3,2562.587367050141,True,IDECBA sobre avisos de Argenprop,2026-09-28
balvanera,Balvanera,2,estrenar,2025-T4,2508.7469190140846,True,IDECBA sobre avisos de Argenprop,2026-09-28
balvanera,Balvanera,2,estrenar,2026-T1,2665.7614660098097,True,IDECBA sobre avisos de Argenprop,2026-09-28
balvanera,Balvanera,2,estrenar,2026-T2,2529.988614314785,True,IDECBA sobre avisos de Argenprop,2026-09-28
barracas,Barracas,2,estrenar,2024-T3,2366.2254641423674,False,IDECBA sobre avisos de Argenprop,2026-09-28
barracas,Barracas,2,estrenar,2024-T4,2373.7638256343525,False,IDECBA sobre avisos de Argenprop,2026-09-28
barracas,Barracas,2,estrenar,2025-T1,2432.469234605704,True,IDECBA sobre avisos de Argenprop,2026-09-28
barracas,Barracas,2,estrenar,2025-T2,2394.6236962870253,True,IDECBA sobre avisos de Argenprop,2026-09-28
barracas,Barracas,2,estrenar,2025-T3,2417.4536155202823,True,IDECBA sobre avisos de Argenprop,2026-09-28
barracas,Barracas,2,estrenar,2025-T4,2380.758635039534,True,IDECBA sobre avisos de Argenprop,2026-09-28
barracas,Barracas,2,estrenar,2026-T1,2676.421656979688,True,IDECBA sobre avisos de Argenprop,2026-09-28
barracas,Barracas,2,estrenar,2026-T2,2336.5877184098463,True,IDECBA sobre avisos de Argenprop,2026-09-28
belgrano,Belgrano,2,estrenar,2024-T3,3669.994955540498,False,IDECBA sobre avisos de Argenprop,2026-09-28
belgrano,Belgrano,2,estrenar,2024-T4,3786.2646652864046,False,IDECBA sobre avisos de Argenprop,2026-09-28
belgrano,Belgrano,2,estrenar,2025-T1,3924.7168239940615,True,IDECBA sobre avisos de Argenprop,2026-09-28
belgrano,Belgrano,2,estrenar,2025-T2,3938.4253576807228,True,IDECBA sobre avisos de Argenprop,2026-09-28
belgrano,Belgrano,2,estrenar,2025-T3,3938.8539750752043,True,IDECBA sobre avisos de Argenprop,2026-09-28
belgrano,Belgrano,2,estrenar,2025-T4,4080.402677839512,True,IDECBA sobre avisos de Argenprop,2026-09-28
belgrano,Belgrano,2,estrenar,2026-T1,3996.986543530702,True,IDECBA sobre avisos de Argenprop,2026-09-28
belgrano,Belgrano,2,estrenar,2026-T2,4038.853416087398,True,IDECBA sobre avisos de Argenprop,2026-09-28
la boca,Boca,2,estrenar,2024-T3,,False,IDECBA sobre avisos de Argenprop,2026-09-28
la boca,Boca,2,estrenar,2024-T4,,False,IDECBA sobre avisos de Argenprop,2026-09-28
la boca,Boca,2,estrenar,2025-T1,,True,IDECBA sobre avisos de Argenprop,2026-09-28
la boca,Boca,2,estrenar,2025-T2,,True,IDECBA sobre avisos de Argenprop,2026-09-28
la boca,Boca,2,estrenar,2025-T3,,True,IDECBA sobre avisos de Argenprop,2026-09-28
la boca,Boca,2,estrenar,2025-T4,2717.2333848531684,True,IDECBA sobre avisos de Argenprop,2026-09-28
la boca,Boca,2,estrenar,2026-T1,,True,IDECBA sobre avisos de Argenprop,2026-09-28
la boca,Boca,2,estrenar,2026-T2,,True,IDECBA sobre avisos de Argenprop,2026-09-28
boedo,Boedo,2,estrenar,2024-T3,2403.3573938038967,False,IDECBA sobre avisos de Argenprop,2026-09-28
boedo,Boedo,2,estrenar,2024-T4,2429.089005235602,False,IDECBA sobre avisos de Argenprop,2026-09-28
boedo,Boedo,2,estrenar,2025-T1,,True,IDECBA sobre avisos de Argenprop,2026-09-28
boedo,Boedo,2,estrenar,2025-T2,2767.8897685749084,True,IDECBA sobre avisos de Argenprop,2026-09-28
boedo,Boedo,2,estrenar,2025-T3,2801.2143913257764,True,IDECBA sobre avisos de Argenprop,2026-09-28
boedo,Boedo,2,estrenar,2025-T4,2776.0645994832043,True,IDECBA sobre avisos de Argenprop,2026-09-28
boedo,Boedo,2,estrenar,2026-T1,,True,IDECBA sobre avisos de Argenprop,2026-09-28
boedo,Boedo,2,estrenar,2026-T2,2596.2421086154254,True,IDECBA sobre avisos de Argenprop,2026-09-28
caballito,Caballito,2,estrenar,2024-T3,2877.4987740605497,False,IDECBA sobre avisos de Argenprop,2026-09-28
caballito,Caballito,2,estrenar,2024-T4,2885.5564014718943,False,IDECBA sobre avisos de Argenprop,2026-09-28
caballito,Caballito,2,estrenar,2025-T1,2991.1932100405947,True,IDECBA sobre avisos de Argenprop,2026-09-28
caballito,Caballito,2,estrenar,2025-T2,3154.1577956708147,True,IDECBA sobre avisos de Argenprop,2026-09-28
caballito,Caballito,2,estrenar,2025-T3,3094.290216619318,True,IDECBA sobre avisos de Argenprop,2026-09-28
caballito,Caballito,2,estrenar,2025-T4,3118.1920860215055,True,IDECBA sobre avisos de Argenprop,2026-09-28
caballito,Caballito,2,estrenar,2026-T1,3116.1961099852983,True,IDECBA sobre avisos de Argenprop,2026-09-28
caballito,Caballito,2,estrenar,2026-T2,3208.196158616408,True,IDECBA sobre avisos de Argenprop,2026-09-28
chacarita,Chacarita,2,estrenar,2024-T3,3142.0071542130368,False,IDECBA sobre avisos de Argenprop,2026-09-28
chacarita,Chacarita,2,estrenar,2024-T4,3084.0454765360428,False,IDECBA sobre avisos de Argenprop,2026-09-28
chacarita,Chacarita,2,estrenar,2025-T1,3111.8965312284536,True,IDECBA sobre avisos de Argenprop,2026-09-28
chacarita,Chacarita,2,estrenar,2025-T2,,True,IDECBA sobre avisos de Argenprop,2026-09-28
chacarita,Chacarita,2,estrenar,2025-T3,3126.5627306273063,True,IDECBA sobre avisos de Argenprop,2026-09-28
chacarita,Chacarita,2,estrenar,2025-T4,3029.3209711846316,True,IDECBA sobre avisos de Argenprop,2026-09-28
chacarita,Chacarita,2,estrenar,2026-T1,3157.9830165950575,True,IDECBA sobre avisos de Argenprop,2026-09-28
chacarita,Chacarita,2,estrenar,2026-T2,3209.6729281146936,True,IDECBA sobre avisos de Argenprop,2026-09-28
coghlan,Coghlan,2,estrenar,2024-T3,2963.9557717823973,False,IDECBA sobre avisos de Argenprop,2026-09-28
coghlan,Coghlan,2,estrenar,2024-T4,2899.361797752809,False,IDECBA sobre avisos de Argenprop,2026-09-28
coghlan,Coghlan,2,estrenar,2025-T1,3103.0350739088603,True,IDECBA sobre avisos de Argenprop,2026-09-28
coghlan,Coghlan,2,estrenar,2025-T2,3102.4562864279765,True,IDECBA sobre avisos de Argenprop,2026-09-28
coghlan,Coghlan,2,estrenar,2025-T3,3082.6130913804277,True,IDECBA sobre avisos de Argenprop,2026-09-28
coghlan,Coghlan,2,estrenar,2025-T4,3141.7653696498055,True,IDECBA sobre avisos de Argenprop,2026-09-28
coghlan,Coghlan,2,estrenar,2026-T1,3015.7926881891754,True,IDECBA sobre avisos de Argenprop,2026-09-28
coghlan,Coghlan,2,estrenar,2026-T2,3100.4273264512262,True,IDECBA sobre avisos de Argenprop,2026-09-28
colegiales,Colegiales,2,estrenar,2024-T3,3295.3810034880603,False,IDECBA sobre avisos de Argenprop,2026-09-28
colegiales,Colegiales,2,estrenar,2024-T4,3392.6303514376996,False,IDECBA sobre avisos de Argenprop,2026-09-28
colegiales,Colegiales,2,estrenar,2025-T1,3454.1504785075035,True,IDECBA sobre avisos de Argenprop,2026-09-28
colegiales,Colegiales,2,estrenar,2025-T2,3662.0046003450257,True,IDECBA sobre avisos de Argenprop,2026-09-28
colegiales,Colegiales,2,estrenar,2025-T3,3661.9056958063843,True,IDECBA sobre avisos de Argenprop,2026-09-28
colegiales,Colegiales,2,estrenar,2025-T4,3639.581055480379,True,IDECBA sobre avisos de Argenprop,2026-09-28
colegiales,Colegiales,2,estrenar,2026-T1,3636.3635589249966,True,IDECBA sobre avisos de Argenprop,2026-09-28
colegiales,Colegiales,2,estrenar,2026-T2,3688.384651605403,True,IDECBA sobre avisos de Argenprop,2026-09-28
constitucion,Constitución,2,estrenar,2024-T3,,False,IDECBA sobre avisos de Argenprop,2026-09-28
constitucion,Constitución,2,estrenar,2024-T4,,False,IDECBA sobre avisos de Argenprop,2026-09-28
constitucion,Constitución,2,estrenar,2025-T1,,True,IDECBA sobre avisos de Argenprop,2026-09-28
constitucion,Constitución,2,estrenar,2025-T2,,True,IDECBA sobre avisos de Argenprop,2026-09-28
constitucion,Constitución,2,estrenar,2025-T3,,True,IDECBA sobre avisos de Argenprop,2026-09-28
constitucion,Constitución,2,estrenar,2025-T4,,True,IDECBA sobre avisos de Argenprop,2026-09-28
constitucion,Constitución,2,estrenar,2026-T1,,True,IDECBA sobre avisos de Argenprop,2026-09-28
constitucion,Constitución,2,estrenar,2026-T2,,True,IDECBA sobre avisos de Argenprop,2026-09-28
flores,Flores,2,estrenar,2024-T3,2404.256366660506,False,IDECBA sobre avisos de Argenprop,2026-09-28
flores,Flores,2,estrenar,2024-T4,2414.4163356933173,False,IDECBA sobre avisos de Argenprop,2026-09-28
flores,Flores,2,estrenar,2025-T1,2486.1499159270243,True,IDECBA sobre avisos de Argenprop,2026-09-28
flores,Flores,2,estrenar,2025-T2,2525.528239202658,True,IDECBA sobre avisos de Argenprop,2026-09-28
flores,Flores,2,estrenar,2025-T3,2489.3754968767744,True,IDECBA sobre avisos de Argenprop,2026-09-28
flores,Flores,2,estrenar,2025-T4,2535.089135493109,True,IDECBA sobre avisos de Argenprop,2026-09-28
flores,Flores,2,estrenar,2026-T1,2530.733953458583,True,IDECBA sobre avisos de Argenprop,2026-09-28
flores,Flores,2,estrenar,2026-T2,2428.607904268557,True,IDECBA sobre avisos de Argenprop,2026-09-28
floresta,Floresta,2,estrenar,2024-T3,,False,IDECBA sobre avisos de Argenprop,2026-09-28
floresta,Floresta,2,estrenar,2024-T4,,False,IDECBA sobre avisos de Argenprop,2026-09-28
floresta,Floresta,2,estrenar,2025-T1,,True,IDECBA sobre avisos de Argenprop,2026-09-28
floresta,Floresta,2,estrenar,2025-T2,,True,IDECBA sobre avisos de Argenprop,2026-09-28
floresta,Floresta,2,estrenar,2025-T3,,True,IDECBA sobre avisos de Argenprop,2026-09-28
floresta,Floresta,2,estrenar,2025-T4,,True,IDECBA sobre avisos de Argenprop,2026-09-28
floresta,Floresta,2,estrenar,2026-T1,,True,IDECBA sobre avisos de Argenprop,2026-09-28
floresta,Floresta,2,estrenar,2026-T2,,True,IDECBA sobre avisos de Argenprop,2026-09-28
la paternal,La Paternal,2,estrenar,2024-T3,,False,IDECBA sobre avisos de Argenprop,2026-09-28
la paternal,La Paternal,2,estrenar,2024-T4,,False,IDECBA sobre avisos de Argenprop,2026-09-28
la paternal,La Paternal,2,estrenar,2025-T1,,True,IDECBA sobre avisos de Argenprop,2026-09-28
la paternal,La Paternal,2,estrenar,2025-T2,,True,IDECBA sobre avisos de Argenprop,2026-09-28
la paternal,La Paternal,2,estrenar,2025-T3,,True,IDECBA sobre avisos de Argenprop,2026-09-28
la paternal,La Paternal,2,estrenar,2025-T4,,True,IDECBA sobre avisos de Argenprop,2026-09-28
la paternal,La Paternal,2,estrenar,2026-T1,,True,IDECBA sobre avisos de Argenprop,2026-09-28
la paternal,La Paternal,2,estrenar,2026-T2,,True,IDECBA sobre avisos de Argenprop,2026-09-28
liniers,Liniers,2,estrenar,2024-T3,2320.0951409983745,False,IDECBA sobre avisos de Argenprop,2026-09-28
liniers,Liniers,2,estrenar,2024-T4,2362.673859844271,False,IDECBA sobre avisos de Argenprop,2026-09-28
liniers,Liniers,2,estrenar,2025-T1,2402.0475740806723,True,IDECBA sobre avisos de Argenprop,2026-09-28
liniers,Liniers,2,estrenar,2025-T2,2482.4596443228456,True,IDECBA sobre avisos de Argenprop,2026-09-28
liniers,Liniers,2,estrenar,2025-T3,2546.9041278295604,True,IDECBA sobre avisos de Argenprop,2026-09-28
liniers,Liniers,2,estrenar,2025-T4,2570.1855723993726,True,IDECBA sobre avisos de Argenprop,2026-09-28
liniers,Liniers,2,estrenar,2026-T1,2625.155536553146,True,IDECBA sobre avisos de Argenprop,2026-09-28
liniers,Liniers,2,estrenar,2026-T2,2594.84746258953,True,IDECBA sobre avisos de Argenprop,2026-09-28
mataderos,Mataderos,2,estrenar,2024-T3,2212.869550966896,False,IDECBA sobre avisos de Argenprop,2026-09-28
mataderos,Mataderos,2,estrenar,2024-T4,2212.544901065449,False,IDECBA sobre avisos de Argenprop,2026-09-28
mataderos,Mataderos,2,estrenar,2025-T1,2255.5818974296303,True,IDECBA sobre avisos de Argenprop,2026-09-28
mataderos,Mataderos,2,estrenar,2025-T2,2298.9554079696395,True,IDECBA sobre avisos de Argenprop,2026-09-28
mataderos,Mataderos,2,estrenar,2025-T3,2288.3303929430635,True,IDECBA sobre avisos de Argenprop,2026-09-28
mataderos,Mataderos,2,estrenar,2025-T4,2412.521495327103,True,IDECBA sobre avisos de Argenprop,2026-09-28
mataderos,Mataderos,2,estrenar,2026-T1,2484.547179757512,True,IDECBA sobre avisos de Argenprop,2026-09-28
mataderos,Mataderos,2,estrenar,2026-T2,2548.8556696119354,True,IDECBA sobre avisos de Argenprop,2026-09-28
monte castro,Monte Castro,2,estrenar,2024-T3,2232.202572347267,False,IDECBA sobre avisos de Argenprop,2026-09-28
monte castro,Monte Castro,2,estrenar,2024-T4,2231.572742955722,False,IDECBA sobre avisos de Argenprop,2026-09-28
monte castro,Monte Castro,2,estrenar,2025-T1,2261.2799401197603,True,IDECBA sobre avisos de Argenprop,2026-09-28
monte castro,Monte Castro,2,estrenar,2025-T2,2277.2466107165915,True,IDECBA sobre avisos de Argenprop,2026-09-28
monte castro,Monte Castro,2,estrenar,2025-T3,2423.7520868113525,True,IDECBA sobre avisos de Argenprop,2026-09-28
monte castro,Monte Castro,2,estrenar,2025-T4,2572.396226415094,True,IDECBA sobre avisos de Argenprop,2026-09-28
monte castro,Monte Castro,2,estrenar,2026-T1,,True,IDECBA sobre avisos de Argenprop,2026-09-28
monte castro,Monte Castro,2,estrenar,2026-T2,2567.201745099926,True,IDECBA sobre avisos de Argenprop,2026-09-28
monserrat,Montserrat,2,estrenar,2024-T3,2684.2136536030343,False,IDECBA sobre avisos de Argenprop,2026-09-28
monserrat,Montserrat,2,estrenar,2024-T4,2903.2524444444443,False,IDECBA sobre avisos de Argenprop,2026-09-28
monserrat,Montserrat,2,estrenar,2025-T1,,True,IDECBA sobre avisos de Argenprop,2026-09-28
monserrat,Montserrat,2,estrenar,2025-T2,,True,IDECBA sobre avisos de Argenprop,2026-09-28
monserrat,Montserrat,2,estrenar,2025-T3,2685.170065252855,True,IDECBA sobre avisos de Argenprop,2026-09-28
monserrat,Montserrat,2,estrenar,2025-T4,2723.7724340175955,True,IDECBA sobre avisos de Argenprop,2026-09-28
monserrat,Montserrat,2,estrenar,2026-T1,2977.3831676136365,True,IDECBA sobre avisos de Argenprop,2026-09-28
monserrat,Montserrat,2,estrenar,2026-T2,3069.394316313192,True,IDECBA sobre avisos de Argenprop,2026-09-28
nueva pompeya,Nueva Pompeya,2,estrenar,2024-T3,,False,IDECBA sobre avisos de Argenprop,2026-09-28
nueva pompeya,Nueva Pompeya,2,estrenar,2024-T4,,False,IDECBA sobre avisos de Argenprop,2026-09-28
nueva pompeya,Nueva Pompeya,2,estrenar,2025-T1,,True,IDECBA sobre avisos de Argenprop,2026-09-28
nueva pompeya,Nueva Pompeya,2,estrenar,2025-T2,,True,IDECBA sobre avisos de Argenprop,2026-09-28
nueva pompeya,Nueva Pompeya,2,estrenar,2025-T3,,True,IDECBA sobre avisos de Argenprop,2026-09-28
nueva pompeya,Nueva Pompeya,2,estrenar,2025-T4,,True,IDECBA sobre avisos de Argenprop,2026-09-28
nueva pompeya,Nueva Pompeya,2,estrenar,2026-T1,,True,IDECBA sobre avisos de Argenprop,2026-09-28
nueva pompeya,Nueva Pompeya,2,estrenar,2026-T2,,True,IDECBA sobre avisos de Argenprop,2026-09-28
nunez,Núñez,2,estrenar,2024-T3,3344.958779707966,False,IDECBA sobre avisos de Argenprop,2026-09-28
nunez,Núñez,2,estrenar,2024-T4,3433.2045607880177,False,IDECBA sobre avisos de Argenprop,2026-09-28
nunez,Núñez,2,estrenar,2025-T1,3545.000239213052,True,IDECBA sobre avisos de Argenprop,2026-09-28
nunez,Núñez,2,estrenar,2025-T2,3636.1857283707172,True,IDECBA sobre avisos de Argenprop,2026-09-28
nunez,Núñez,2,estrenar,2025-T3,3720.763367356494,True,IDECBA sobre avisos de Argenprop,2026-09-28
nunez,Núñez,2,estrenar,2025-T4,3812.8363679923336,True,IDECBA sobre avisos de Argenprop,2026-09-28
nunez,Núñez,2,estrenar,2026-T1,3742.896975794212,True,IDECBA sobre avisos de Argenprop,2026-09-28
nunez,Núñez,2,estrenar,2026-T2,3808.9367050776673,True,IDECBA sobre avisos de Argenprop,2026-09-28
palermo,Palermo,2,estrenar,2024-T3,3723.230748229296,False,IDECBA sobre avisos de Argenprop,2026-09-28
palermo,Palermo,2,estrenar,2024-T4,3770.263845247447,False,IDECBA sobre avisos de Argenprop,2026-09-28
palermo,Palermo,2,estrenar,2025-T1,3830.772633418776,True,IDECBA sobre avisos de Argenprop,2026-09-28
palermo,Palermo,2,estrenar,2025-T2,3826.882213223269,True,IDECBA sobre avisos de Argenprop,2026-09-28
palermo,Palermo,2,estrenar,2025-T3,3834.2124852849524,True,IDECBA sobre avisos de Argenprop,2026-09-28
palermo,Palermo,2,estrenar,2025-T4,3897.236200492774,True,IDECBA sobre avisos de Argenprop,2026-09-28
palermo,Palermo,2,estrenar,2026-T1,3918.6610887914194,True,IDECBA sobre avisos de Argenprop,2026-09-28
palermo,Palermo,2,estrenar,2026-T2,4005.374034742207,True,IDECBA sobre avisos de Argenprop,2026-09-28
parque avellaneda,Parque Avellaneda,2,estrenar,2024-T3,,False,IDECBA sobre avisos de Argenprop,2026-09-28
parque avellaneda,Parque Avellaneda,2,estrenar,2024-T4,,False,IDECBA sobre avisos de Argenprop,2026-09-28
parque avellaneda,Parque Avellaneda,2,estrenar,2025-T1,,True,IDECBA sobre avisos de Argenprop,2026-09-28
parque avellaneda,Parque Avellaneda,2,estrenar,2025-T2,,True,IDECBA sobre avisos de Argenprop,2026-09-28
parque avellaneda,Parque Avellaneda,2,estrenar,2025-T3,,True,IDECBA sobre avisos de Argenprop,2026-09-28
parque avellaneda,Parque Avellaneda,2,estrenar,2025-T4,,True,IDECBA sobre avisos de Argenprop,2026-09-28
parque avellaneda,Parque Avellaneda,2,estrenar,2026-T1,,True,IDECBA sobre avisos de Argenprop,2026-09-28
parque avellaneda,Parque Avellaneda,2,estrenar,2026-T2,,True,IDECBA sobre avisos de Argenprop,2026-09-28
parque chacabuco,Parque Chacabuco,2,estrenar,2024-T3,2707.201668984701,False,IDECBA sobre avisos de Argenprop,2026-09-28
parque chacabuco,Parque Chacabuco,2,estrenar,2024-T4,,False,IDECBA sobre avisos de Argenprop,2026-09-28
parque chacabuco,Parque Chacabuco,2,estrenar,2025-T1,,True,IDECBA sobre avisos de Argenprop,2026-09-28
parque chacabuco,Parque Chacabuco,2,estrenar,2025-T2,,True,IDECBA sobre avisos de Argenprop,2026-09-28
parque chacabuco,Parque Chacabuco,2,estrenar,2025-T3,,True,IDECBA sobre avisos de Argenprop,2026-09-28
parque chacabuco,Parque Chacabuco,2,estrenar,2025-T4,2673.0401459854015,True,IDECBA sobre avisos de Argenprop,2026-09-28
parque chacabuco,Parque Chacabuco,2,estrenar,2026-T1,,True,IDECBA sobre avisos de Argenprop,2026-09-28
parque chacabuco,Parque Chacabuco,2,estrenar,2026-T2,2666.1013621532675,True,IDECBA sobre avisos de Argenprop,2026-09-28
parque chas,Parque Chas,2,estrenar,2024-T3,,False,IDECBA sobre avisos de Argenprop,2026-09-28
parque chas,Parque Chas,2,estrenar,2024-T4,,False,IDECBA sobre avisos de Argenprop,2026-09-28
parque chas,Parque Chas,2,estrenar,2025-T1,,True,IDECBA sobre avisos de Argenprop,2026-09-28
parque chas,Parque Chas,2,estrenar,2025-T2,,True,IDECBA sobre avisos de Argenprop,2026-09-28
parque chas,Parque Chas,2,estrenar,2025-T3,,True,IDECBA sobre avisos de Argenprop,2026-09-28
parque chas,Parque Chas,2,estrenar,2025-T4,,True,IDECBA sobre avisos de Argenprop,2026-09-28
parque chas,Parque Chas,2,estrenar,2026-T1,,True,IDECBA sobre avisos de Argenprop,2026-09-28
parque chas,Parque Chas,2,estrenar,2026-T2,,True,IDECBA sobre avisos de Argenprop,2026-09-28
parque patricios,Parque Patricios,2,estrenar,2024-T3,,False,IDECBA sobre avisos de Argenprop,2026-09-28
parque patricios,Parque Patricios,2,estrenar,2024-T4,,False,IDECBA sobre avisos de Argenprop,2026-09-28
parque patricios,Parque Patricios,2,estrenar,2025-T1,,True,IDECBA sobre avisos de Argenprop,2026-09-28
parque patricios,Parque Patricios,2,estrenar,2025-T2,,True,IDECBA sobre avisos de Argenprop,2026-09-28
parque patricios,Parque Patricios,2,estrenar,2025-T3,,True,IDECBA sobre avisos de Argenprop,2026-09-28
parque patricios,Parque Patricios,2,estrenar,2025-T4,,True,IDECBA sobre avisos de Argenprop,2026-09-28
parque patricios,Parque Patricios,2,estrenar,2026-T1,,True,IDECBA sobre avisos de Argenprop,2026-09-28
parque patricios,Parque Patricios,2,estrenar,2026-T2,,True,IDECBA sobre avisos de Argenprop,2026-09-28
puerto madero,Puerto Madero,2,estrenar,2024-T3,6642.053536754508,False,IDECBA sobre avisos de Argenprop,2026-09-28
puerto madero,Puerto Madero,2,estrenar,2024-T4,6973.053992146597,False,IDECBA sobre avisos de Argenprop,2026-09-28
puerto madero,Puerto Madero,2,estrenar,2025-T1,6655.10411736867,True,IDECBA sobre avisos de Argenprop,2026-09-28
puerto madero,Puerto Madero,2,estrenar,2025-T2,6889.503056234719,True,IDECBA sobre avisos de Argenprop,2026-09-28
puerto madero,Puerto Madero,2,estrenar,2025-T3,7210.051167315175,True,IDECBA sobre avisos de Argenprop,2026-09-28
puerto madero,Puerto Madero,2,estrenar,2025-T4,7122.050079311126,True,IDECBA sobre avisos de Argenprop,2026-09-28
puerto madero,Puerto Madero,2,estrenar,2026-T1,7190.193999548838,True,IDECBA sobre avisos de Argenprop,2026-09-28
puerto madero,Puerto Madero,2,estrenar,2026-T2,6716.787183719726,True,IDECBA sobre avisos de Argenprop,2026-09-28
recoleta,Recoleta,2,estrenar,2024-T3,3646.8929188255615,False,IDECBA sobre avisos de Argenprop,2026-09-28
recoleta,Recoleta,2,estrenar,2024-T4,3631.955196017424,False,IDECBA sobre avisos de Argenprop,2026-09-28
recoleta,Recoleta,2,estrenar,2025-T1,3441.0663874593783,True,IDECBA sobre avisos de Argenprop,2026-09-28
recoleta,Recoleta,2,estrenar,2025-T2,3710.863480578827,True,IDECBA sobre avisos de Argenprop,2026-09-28
recoleta,Recoleta,2,estrenar,2025-T3,3714.1804208327117,True,IDECBA sobre avisos de Argenprop,2026-09-28
recoleta,Recoleta,2,estrenar,2025-T4,3764.546540160314,True,IDECBA sobre avisos de Argenprop,2026-09-28
recoleta,Recoleta,2,estrenar,2026-T1,3831.7871852255844,True,IDECBA sobre avisos de Argenprop,2026-09-28
recoleta,Recoleta,2,estrenar,2026-T2,3893.0168108173953,True,IDECBA sobre avisos de Argenprop,2026-09-28
retiro,Retiro,2,estrenar,2024-T3,,False,IDECBA sobre avisos de Argenprop,2026-09-28
retiro,Retiro,2,estrenar,2024-T4,,False,IDECBA sobre avisos de Argenprop,2026-09-28
retiro,Retiro,2,estrenar,2025-T1,,True,IDECBA sobre avisos de Argenprop,2026-09-28
retiro,Retiro,2,estrenar,2025-T2,,True,IDECBA sobre avisos de Argenprop,2026-09-28
retiro,Retiro,2,estrenar,2025-T3,,True,IDECBA sobre avisos de Argenprop,2026-09-28
retiro,Retiro,2,estrenar,2025-T4,,True,IDECBA sobre avisos de Argenprop,2026-09-28
retiro,Retiro,2,estrenar,2026-T1,,True,IDECBA sobre avisos de Argenprop,2026-09-28
retiro,Retiro,2,estrenar,2026-T2,,True,IDECBA sobre avisos de Argenprop,2026-09-28
saavedra,Saavedra,2,estrenar,2024-T3,2673.8223224351746,False,IDECBA sobre avisos de Argenprop,2026-09-28
saavedra,Saavedra,2,estrenar,2024-T4,2808.654191837336,False,IDECBA sobre avisos de Argenprop,2026-09-28
saavedra,Saavedra,2,estrenar,2025-T1,2840.932848058233,True,IDECBA sobre avisos de Argenprop,2026-09-28
saavedra,Saavedra,2,estrenar,2025-T2,3117.0384122919336,True,IDECBA sobre avisos de Argenprop,2026-09-28
saavedra,Saavedra,2,estrenar,2025-T3,3247.9639234670353,True,IDECBA sobre avisos de Argenprop,2026-09-28
saavedra,Saavedra,2,estrenar,2025-T4,3299.7790120230006,True,IDECBA sobre avisos de Argenprop,2026-09-28
saavedra,Saavedra,2,estrenar,2026-T1,3386.8417447155985,True,IDECBA sobre avisos de Argenprop,2026-09-28
saavedra,Saavedra,2,estrenar,2026-T2,3386.771351265702,True,IDECBA sobre avisos de Argenprop,2026-09-28
san cristobal,San Cristóbal,2,estrenar,2024-T3,2201.2844886753605,False,IDECBA sobre avisos de Argenprop,2026-09-28
san cristobal,San Cristóbal,2,estrenar,2024-T4,2270.71260815822,False,IDECBA sobre avisos de Argenprop,2026-09-28
san cristobal,San Cristóbal,2,estrenar,2025-T1,2306.1310381169856,True,IDECBA sobre avisos de Argenprop,2026-09-28
san cristobal,San Cristóbal,2,estrenar,2025-T2,2387.377802690583,True,IDECBA sobre avisos de Argenprop,2026-09-28
san cristobal,San Cristóbal,2,estrenar,2025-T3,2364.0952,True,IDECBA sobre avisos de Argenprop,2026-09-28
san cristobal,San Cristóbal,2,estrenar,2025-T4,2350.3318256578946,True,IDECBA sobre avisos de Argenprop,2026-09-28
san cristobal,San Cristóbal,2,estrenar,2026-T1,2347.6274590163935,True,IDECBA sobre avisos de Argenprop,2026-09-28
san cristobal,San Cristóbal,2,estrenar,2026-T2,2406.733856177184,True,IDECBA sobre avisos de Argenprop,2026-09-28
san nicolas,San Nicolás,2,estrenar,2024-T3,,False,IDECBA sobre avisos de Argenprop,2026-09-28
san nicolas,San Nicolás,2,estrenar,2024-T4,,False,IDECBA sobre avisos de Argenprop,2026-09-28
san nicolas,San Nicolás,2,estrenar,2025-T1,,True,IDECBA sobre avisos de Argenprop,2026-09-28
san nicolas,San Nicolás,2,estrenar,2025-T2,,True,IDECBA sobre avisos de Argenprop,2026-09-28
san nicolas,San Nicolás,2,estrenar,2025-T3,,True,IDECBA sobre avisos de Argenprop,2026-09-28
san nicolas,San Nicolás,2,estrenar,2025-T4,2663.247457627119,True,IDECBA sobre avisos de Argenprop,2026-09-28
san nicolas,San Nicolás,2,estrenar,2026-T1,,True,IDECBA sobre avisos de Argenprop,2026-09-28
san nicolas,San Nicolás,2,estrenar,2026-T2,,True,IDECBA sobre avisos de Argenprop,2026-09-28
san telmo,San Telmo,2,estrenar,2024-T3,,False,IDECBA sobre avisos de Argenprop,2026-09-28
san telmo,San Telmo,2,estrenar,2024-T4,,False,IDECBA sobre avisos de Argenprop,2026-09-28
san telmo,San Telmo,2,estrenar,2025-T1,,True,IDECBA sobre avisos de Argenprop,2026-09-28
san telmo,San Telmo,2,estrenar,2025-T2,,True,IDECBA sobre avisos de Argenprop,2026-09-28
san telmo,San Telmo,2,estrenar,2025-T3,,True,IDECBA sobre avisos de Argenprop,2026-09-28
san telmo,San Telmo,2,estrenar,2025-T4,,True,IDECBA sobre avisos de Argenprop,2026-09-28
san telmo,San Telmo,2,estrenar,2026-T1,,True,IDECBA sobre avisos de Argenprop,2026-09-28
san telmo,San Telmo,2,estrenar,2026-T2,,True,IDECBA sobre avisos de Argenprop,2026-09-28
velez sarsfield,Vélez Sarsfield,2,estrenar,2024-T3,,False,IDECBA sobre avisos de Argenprop,2026-09-28
velez sarsfield,Vélez Sarsfield,2,estrenar,2024-T4,,False,IDECBA sobre avisos de Argenprop,2026-09-28
velez sarsfield,Vélez Sarsfield,2,estrenar,2025-T1,,True,IDECBA sobre avisos de Argenprop,2026-09-28
velez sarsfield,Vélez Sarsfield,2,estrenar,2025-T2,,True,IDECBA sobre avisos de Argenprop,2026-09-28
velez sarsfield,Vélez Sarsfield,2,estrenar,2025-T3,,True,IDECBA sobre avisos de Argenprop,2026-09-28
velez sarsfield,Vélez Sarsfield,2,estrenar,2025-T4,,True,IDECBA sobre avisos de Argenprop,2026-09-28
velez sarsfield,Vélez Sarsfield,2,estrenar,2026-T1,,True,IDECBA sobre avisos de Argenprop,2026-09-28
velez sarsfield,Vélez Sarsfield,2,estrenar,2026-T2,,True,IDECBA sobre avisos de Argenprop,2026-09-28
versalles,Versalles,2,estrenar,2024-T3,,False,IDECBA sobre avisos de Argenprop,2026-09-28
versalles,Versalles,2,estrenar,2024-T4,,False,IDECBA sobre avisos de Argenprop,2026-09-28
versalles,Versalles,2,estrenar,2025-T1,,True,IDECBA sobre avisos de Argenprop,2026-09-28
versalles,Versalles,2,estrenar,2025-T2,,True,IDECBA sobre avisos de Argenprop,2026-09-28
versalles,Versalles,2,estrenar,2025-T3,,True,IDECBA sobre avisos de Argenprop,2026-09-28
versalles,Versalles,2,estrenar,2025-T4,,True,IDECBA sobre avisos de Argenprop,2026-09-28
versalles,Versalles,2,estrenar,2026-T1,,True,IDECBA sobre avisos de Argenprop,2026-09-28
versalles,Versalles,2,estrenar,2026-T2,,True,IDECBA sobre avisos de Argenprop,2026-09-28
villa crespo,Villa Crespo,2,estrenar,2024-T3,2810.7971691631165,False,IDECBA sobre avisos de Argenprop,2026-09-28
villa crespo,Villa Crespo,2,estrenar,2024-T4,2814.8529088913283,False,IDECBA sobre avisos de Argenprop,2026-09-28
villa crespo,Villa Crespo,2,estrenar,2025-T1,2949.8394973579343,True,IDECBA sobre avisos de Argenprop,2026-09-28
villa crespo,Villa Crespo,2,estrenar,2025-T2,2903.2166907434157,True,IDECBA sobre avisos de Argenprop,2026-09-28
villa crespo,Villa Crespo,2,estrenar,2025-T3,2984.0735905618412,True,IDECBA sobre avisos de Argenprop,2026-09-28
villa crespo,Villa Crespo,2,estrenar,2025-T4,2974.2369330679794,True,IDECBA sobre avisos de Argenprop,2026-09-28
villa crespo,Villa Crespo,2,estrenar,2026-T1,3035.856905720212,True,IDECBA sobre avisos de Argenprop,2026-09-28
villa crespo,Villa Crespo,2,estrenar,2026-T2,3061.7638359598814,True,IDECBA sobre avisos de Argenprop,2026-09-28
villa del parque,Villa del Parque,2,estrenar,2024-T3,2515.8704681861072,False,IDECBA sobre avisos de Argenprop,2026-09-28
villa del parque,Villa del Parque,2,estrenar,2024-T4,2530.7791178497587,False,IDECBA sobre avisos de Argenprop,2026-09-28
villa del parque,Villa del Parque,2,estrenar,2025-T1,2560.730985559697,True,IDECBA sobre avisos de Argenprop,2026-09-28
villa del parque,Villa del Parque,2,estrenar,2025-T2,2575.5800641500123,True,IDECBA sobre avisos de Argenprop,2026-09-28
villa del parque,Villa del Parque,2,estrenar,2025-T3,2571.036959019533,True,IDECBA sobre avisos de Argenprop,2026-09-28
villa del parque,Villa del Parque,2,estrenar,2025-T4,2630.1273984828204,True,IDECBA sobre avisos de Argenprop,2026-09-28
villa del parque,Villa del Parque,2,estrenar,2026-T1,2706.747184586383,True,IDECBA sobre avisos de Argenprop,2026-09-28
villa del parque,Villa del Parque,2,estrenar,2026-T2,2764.527363184079,True,IDECBA sobre avisos de Argenprop,2026-09-28
villa devoto,Villa Devoto,2,estrenar,2024-T3,2731.326860841424,False,IDECBA sobre avisos de Argenprop,2026-09-28
villa devoto,Villa Devoto,2,estrenar,2024-T4,2734.91243697479,False,IDECBA sobre avisos de Argenprop,2026-09-28
villa devoto,Villa Devoto,2,estrenar,2025-T1,2749.1415451418916,True,IDECBA sobre avisos de Argenprop,2026-09-28
villa devoto,Villa Devoto,2,estrenar,2025-T2,2992.240393715692,True,IDECBA sobre avisos de Argenprop,2026-09-28
villa devoto,Villa Devoto,2,estrenar,2025-T3,3009.2965674312672,True,IDECBA sobre avisos de Argenprop,2026-09-28
villa devoto,Villa Devoto,2,estrenar,2025-T4,3059.9696853415194,True,IDECBA sobre avisos de Argenprop,2026-09-28
villa devoto,Villa Devoto,2,estrenar,2026-T1,3023.314853871648,True,IDECBA sobre avisos de Argenprop,2026-09-28
villa devoto,Villa Devoto,2,estrenar,2026-T2,2942.181093961767,True,IDECBA sobre avisos de Argenprop,2026-09-28
villa gral. mitre,Villa Gral. Mitre,2,estrenar,2024-T3,,False,IDECBA sobre avisos de Argenprop,2026-09-28
villa gral. mitre,Villa Gral. Mitre,2,estrenar,2024-T4,,False,IDECBA sobre avisos de Argenprop,2026-09-28
villa gral. mitre,Villa Gral. Mitre,2,estrenar,2025-T1,,True,IDECBA sobre avisos de Argenprop,2026-09-28
villa gral. mitre,Villa Gral. Mitre,2,estrenar,2025-T2,,True,IDECBA sobre avisos de Argenprop,2026-09-28
villa gral. mitre,Villa Gral. Mitre,2,estrenar,2025-T3,,True,IDECBA sobre avisos de Argenprop,2026-09-28
villa gral. mitre,Villa Gral. Mitre,2,estrenar,2025-T4,,True,IDECBA sobre avisos de Argenprop,2026-09-28
villa gral. mitre,Villa Gral. Mitre,2,estrenar,2026-T1,,True,IDECBA sobre avisos de Argenprop,2026-09-28
villa gral. mitre,Villa Gral. Mitre,2,estrenar,2026-T2,,True,IDECBA sobre avisos de Argenprop,2026-09-28
villa lugano,Villa Lugano,2,estrenar,2024-T3,,False,IDECBA sobre avisos de Argenprop,2026-09-28
villa lugano,Villa Lugano,2,estrenar,2024-T4,,False,IDECBA sobre avisos de Argenprop,2026-09-28
villa lugano,Villa Lugano,2,estrenar,2025-T1,,True,IDECBA sobre avisos de Argenprop,2026-09-28
villa lugano,Villa Lugano,2,estrenar,2025-T2,,True,IDECBA sobre avisos de Argenprop,2026-09-28
villa lugano,Villa Lugano,2,estrenar,2025-T3,,True,IDECBA sobre avisos de Argenprop,2026-09-28
villa lugano,Villa Lugano,2,estrenar,2025-T4,,True,IDECBA sobre avisos de Argenprop,2026-09-28
villa lugano,Villa Lugano,2,estrenar,2026-T1,,True,IDECBA sobre avisos de Argenprop,2026-09-28
villa lugano,Villa Lugano,2,estrenar,2026-T2,,True,IDECBA sobre avisos de Argenprop,2026-09-28
villa luro,Villa Luro,2,estrenar,2024-T3,2430.5955321599567,False,IDECBA sobre avisos de Argenprop,2026-09-28
villa luro,Villa Luro,2,estrenar,2024-T4,2334.0636126275813,False,IDECBA sobre avisos de Argenprop,2026-09-28
villa luro,Villa Luro,2,estrenar,2025-T1,2531.029480526886,True,IDECBA sobre avisos de Argenprop,2026-09-28
villa luro,Villa Luro,2,estrenar,2025-T2,2635.7110597895817,True,IDECBA sobre avisos de Argenprop,2026-09-28
villa luro,Villa Luro,2,estrenar,2025-T3,2661.272691318964,True,IDECBA sobre avisos de Argenprop,2026-09-28
villa luro,Villa Luro,2,estrenar,2025-T4,2650.7024147727275,True,IDECBA sobre avisos de Argenprop,2026-09-28
villa luro,Villa Luro,2,estrenar,2026-T1,2657.1235907494593,True,IDECBA sobre avisos de Argenprop,2026-09-28
villa luro,Villa Luro,2,estrenar,2026-T2,2646.0366076519354,True,IDECBA sobre avisos de Argenprop,2026-09-28
villa ortuzar,Villa Ortúzar,2,estrenar,2024-T3,,False,IDECBA sobre avisos de Argenprop,2026-09-28
villa ortuzar,Villa Ortúzar,2,estrenar,2024-T4,,False,IDECBA sobre avisos de Argenprop,2026-09-28
villa ortuzar,Villa Ortúzar,2,estrenar,2025-T1,,True,IDECBA sobre avisos de Argenprop,2026-09-28
villa ortuzar,Villa Ortúzar,2,estrenar,2025-T2,,True,IDECBA sobre avisos de Argenprop,2026-09-28
villa ortuzar,Villa Ortúzar,2,estrenar,2025-T3,,True,IDECBA sobre avisos de Argenprop,2026-09-28
villa ortuzar,Villa Ortúzar,2,estrenar,2025-T4,,True,IDECBA sobre avisos de Argenprop,2026-09-28
villa ortuzar,Villa Ortúzar,2,estrenar,2026-T1,,True,IDECBA sobre avisos de Argenprop,2026-09-28
villa ortuzar,Villa Ortúzar,2,estrenar,2026-T2,3110.691431444227,True,IDECBA sobre avisos de Argenprop,2026-09-28
villa pueyrredon,Villa Pueyrredón,2,estrenar,2024-T3,,False,IDECBA sobre avisos de Argenprop,2026-09-28
villa pueyrredon,Villa Pueyrredón,2,estrenar,2024-T4,,False,IDECBA sobre avisos de Argenprop,2026-09-28
villa pueyrredon,Villa Pueyrredón,2,estrenar,2025-T1,,True,IDECBA sobre avisos de Argenprop,2026-09-28
villa pueyrredon,Villa Pueyrredón,2,estrenar,2025-T2,,True,IDECBA sobre avisos de Argenprop,2026-09-28
villa pueyrredon,Villa Pueyrredón,2,estrenar,2025-T3,,True,IDECBA sobre avisos de Argenprop,2026-09-28
villa pueyrredon,Villa Pueyrredón,2,estrenar,2025-T4,,True,IDECBA sobre avisos de Argenprop,2026-09-28
villa pueyrredon,Villa Pueyrredón,2,estrenar,2026-T1,,True,IDECBA sobre avisos de Argenprop,2026-09-28
villa pueyrredon,Villa Pueyrredón,2,estrenar,2026-T2,,True,IDECBA sobre avisos de Argenprop,2026-09-28
villa real,Villa Real,2,estrenar,2024-T3,,False,IDECBA sobre avisos de Argenprop,2026-09-28
villa real,Villa Real,2,estrenar,2024-T4,,False,IDECBA sobre avisos de Argenprop,2026-09-28
villa real,Villa Real,2,estrenar,2025-T1,,True,IDECBA sobre avisos de Argenprop,2026-09-28
villa real,Villa Real,2,estrenar,2025-T2,,True,IDECBA sobre avisos de Argenprop,2026-09-28
villa real,Villa Real,2,estrenar,2025-T3,,True,IDECBA sobre avisos de Argenprop,2026-09-28
villa real,Villa Real,2,estrenar,2025-T4,,True,IDECBA sobre avisos de Argenprop,2026-09-28
villa real,Villa Real,2,estrenar,2026-T1,,True,IDECBA sobre avisos de Argenprop,2026-09-28
villa real,Villa Real,2,estrenar,2026-T2,,True,IDECBA sobre avisos de Argenprop,2026-09-28
villa riachuelo,Villa Riachuelo,2,estrenar,2024-T3,,False,IDECBA sobre avisos de Argenprop,2026-09-28
villa riachuelo,Villa Riachuelo,2,estrenar,2024-T4,,False,IDECBA sobre avisos de Argenprop,2026-09-28
villa riachuelo,Villa Riachuelo,2,estrenar,2025-T1,,True,IDECBA sobre avisos de Argenprop,2026-09-28
villa riachuelo,Villa Riachuelo,2,estrenar,2025-T2,,True,IDECBA sobre avisos de Argenprop,2026-09-28
villa riachuelo,Villa Riachuelo,2,estrenar,2025-T3,,True,IDECBA sobre avisos de Argenprop,2026-09-28
villa riachuelo,Villa Riachuelo,2,estrenar,2025-T4,,True,IDECBA sobre avisos de Argenprop,2026-09-28
villa riachuelo,Villa Riachuelo,2,estrenar,2026-T1,,True,IDECBA sobre avisos de Argenprop,2026-09-28
villa riachuelo,Villa Riachuelo,2,estrenar,2026-T2,,True,IDECBA sobre avisos de Argenprop,2026-09-28
villa santa rita,Villa Santa Rita,2,estrenar,2024-T3,2223.6603221083456,False,IDECBA sobre avisos de Argenprop,2026-09-28
villa santa rita,Villa Santa Rita,2,estrenar,2024-T4,2315.909090909091,False,IDECBA sobre avisos de Argenprop,2026-09-28
villa santa rita,Villa Santa Rita,2,estrenar,2025-T1,,True,IDECBA sobre avisos de Argenprop,2026-09-28
villa santa rita,Villa Santa Rita,2,estrenar,2025-T2,2333.7905962190985,True,IDECBA sobre avisos de Argenprop,2026-09-28
villa santa rita,Villa Santa Rita,2,estrenar,2025-T3,2400.877640203933,True,IDECBA sobre avisos de Argenprop,2026-09-28
villa santa rita,Villa Santa Rita,2,estrenar,2025-T4,2470.3431185665268,True,IDECBA sobre avisos de Argenprop,2026-09-28
villa santa rita,Villa Santa Rita,2,estrenar,2026-T1,,True,IDECBA sobre avisos de Argenprop,2026-09-28
villa santa rita,Villa Santa Rita,2,estrenar,2026-T2,,True,IDECBA sobre avisos de Argenprop,2026-09-28
villa soldati,Villa Soldati,2,estrenar,2024-T3,,False,IDECBA sobre avisos de Argenprop,2026-09-28
villa soldati,Villa Soldati,2,estrenar,2024-T4,,False,IDECBA sobre avisos de Argenprop,2026-09-28
villa soldati,Villa Soldati,2,estrenar,2025-T1,,True,IDECBA sobre avisos de Argenprop,2026-09-28
villa soldati,Villa Soldati,2,estrenar,2025-T2,,True,IDECBA sobre avisos de Argenprop,2026-09-28
villa soldati,Villa Soldati,2,estrenar,2025-T3,,True,IDECBA sobre avisos de Argenprop,2026-09-28
villa soldati,Villa Soldati,2,estrenar,2025-T4,,True,IDECBA sobre avisos de Argenprop,2026-09-28
villa soldati,Villa Soldati,2,estrenar,2026-T1,,True,IDECBA sobre avisos de Argenprop,2026-09-28
villa soldati,Villa Soldati,2,estrenar,2026-T2,,True,IDECBA sobre avisos de Argenprop,2026-09-28
villa urquiza,Villa Urquiza,2,estrenar,2024-T3,2905.9717586649545,False,IDECBA sobre avisos de Argenprop,2026-09-28
villa urquiza,Villa Urquiza,2,estrenar,2024-T4,2990.1328426862924,False,IDECBA sobre avisos de Argenprop,2026-09-28
villa urquiza,Villa Urquiza,2,estrenar,2025-T1,2974.9396072250165,True,IDECBA sobre avisos de Argenprop,2026-09-28
villa urquiza,Villa Urquiza,2,estrenar,2025-T2,3066.9062191510366,True,IDECBA sobre avisos de Argenprop,2026-09-28
villa urquiza,Villa Urquiza,2,estrenar,2025-T3,3125.977221470456,True,IDECBA sobre avisos de Argenprop,2026-09-28
villa urquiza,Villa Urquiza,2,estrenar,2025-T4,3147.448112409006,True,IDECBA sobre avisos de Argenprop,2026-09-28
villa urquiza,Villa Urquiza,2,estrenar,2026-T1,3231.2897261450116,True,IDECBA sobre avisos de Argenprop,2026-09-28
villa urquiza,Villa Urquiza,2,estrenar,2026-T2,3256.189354818601,True,IDECBA sobre avisos de Argenprop,2026-09-28
agronomia,Agronomía,3,usado,2024-T3,2093.1151302994945,False,IDECBA sobre avisos de Argenprop,2026-09-28
agronomia,Agronomía,3,usado,2024-T4,,False,IDECBA sobre avisos de Argenprop,2026-09-28
agronomia,Agronomía,3,usado,2025-T1,,True,IDECBA sobre avisos de Argenprop,2026-09-28
agronomia,Agronomía,3,usado,2025-T2,2256.642216788916,True,IDECBA sobre avisos de Argenprop,2026-09-28
agronomia,Agronomía,3,usado,2025-T3,,True,IDECBA sobre avisos de Argenprop,2026-09-28
agronomia,Agronomía,3,usado,2025-T4,,True,IDECBA sobre avisos de Argenprop,2026-09-28
agronomia,Agronomía,3,usado,2026-T1,,True,IDECBA sobre avisos de Argenprop,2026-09-28
agronomia,Agronomía,3,usado,2026-T2,2188.960475363867,True,IDECBA sobre avisos de Argenprop,2026-09-28
almagro,Almagro,3,usado,2024-T3,1941.1339662494483,False,IDECBA sobre avisos de Argenprop,2026-09-28
almagro,Almagro,3,usado,2024-T4,1996.9296102194562,False,IDECBA sobre avisos de Argenprop,2026-09-28
almagro,Almagro,3,usado,2025-T1,2039.9989049781614,True,IDECBA sobre avisos de Argenprop,2026-09-28
almagro,Almagro,3,usado,2025-T2,2061.9619613936534,True,IDECBA sobre avisos de Argenprop,2026-09-28
almagro,Almagro,3,usado,2025-T3,2068.2771670133166,True,IDECBA sobre avisos de Argenprop,2026-09-28
almagro,Almagro,3,usado,2025-T4,2055.3475584393977,True,IDECBA sobre avisos de Argenprop,2026-09-28
almagro,Almagro,3,usado,2026-T1,2052.3063751545515,True,IDECBA sobre avisos de Argenprop,2026-09-28
almagro,Almagro,3,usado,2026-T2,2028.2524301776016,True,IDECBA sobre avisos de Argenprop,2026-09-28
balvanera,Balvanera,3,usado,2024-T3,1557.9690745035768,False,IDECBA sobre avisos de Argenprop,2026-09-28
balvanera,Balvanera,3,usado,2024-T4,1563.8606251041444,False,IDECBA sobre avisos de Argenprop,2026-09-28
balvanera,Balvanera,3,usado,2025-T1,1586.3332569019567,True,IDECBA sobre avisos de Argenprop,2026-09-28
balvanera,Balvanera,3,usado,2025-T2,1593.5915929926055,True,IDECBA sobre avisos de Argenprop,2026-09-28
balvanera,Balvanera,3,usado,2025-T3,1592.647697228145,True,IDECBA sobre avisos de Argenprop,2026-09-28
balvanera,Balvanera,3,usado,2025-T4,1596.5699165863268,True,IDECBA sobre avisos de Argenprop,2026-09-28
balvanera,Balvanera,3,usado,2026-T1,1596.9637005025402,True,IDECBA sobre avisos de Argenprop,2026-09-28
balvanera,Balvanera,3,usado,2026-T2,1590.3834137758868,True,IDECBA sobre avisos de Argenprop,2026-09-28
barracas,Barracas,3,usado,2024-T3,1802.6627506348752,False,IDECBA sobre avisos de Argenprop,2026-09-28
barracas,Barracas,3,usado,2024-T4,1780.9102410064315,False,IDECBA sobre avisos de Argenprop,2026-09-28
barracas,Barracas,3,usado,2025-T1,1808.723378339416,True,IDECBA sobre avisos de Argenprop,2026-09-28
barracas,Barracas,3,usado,2025-T2,1850.5079491255963,True,IDECBA sobre avisos de Argenprop,2026-09-28
barracas,Barracas,3,usado,2025-T3,1856.778981147212,True,IDECBA sobre avisos de Argenprop,2026-09-28
barracas,Barracas,3,usado,2025-T4,1781.4350837628865,True,IDECBA sobre avisos de Argenprop,2026-09-28
barracas,Barracas,3,usado,2026-T1,1779.478348394253,True,IDECBA sobre avisos de Argenprop,2026-09-28
barracas,Barracas,3,usado,2026-T2,1818.2228956070858,True,IDECBA sobre avisos de Argenprop,2026-09-28
belgrano,Belgrano,3,usado,2024-T3,2637.371551498681,False,IDECBA sobre avisos de Argenprop,2026-09-28
belgrano,Belgrano,3,usado,2024-T4,2592.397172949002,False,IDECBA sobre avisos de Argenprop,2026-09-28
belgrano,Belgrano,3,usado,2025-T1,2646.0862273206735,True,IDECBA sobre avisos de Argenprop,2026-09-28
belgrano,Belgrano,3,usado,2025-T2,2643.900554739762,True,IDECBA sobre avisos de Argenprop,2026-09-28
belgrano,Belgrano,3,usado,2025-T3,2709.266755866102,True,IDECBA sobre avisos de Argenprop,2026-09-28
belgrano,Belgrano,3,usado,2025-T4,2737.0169699389653,True,IDECBA sobre avisos de Argenprop,2026-09-28
belgrano,Belgrano,3,usado,2026-T1,2768.2868367940287,True,IDECBA sobre avisos de Argenprop,2026-09-28
belgrano,Belgrano,3,usado,2026-T2,2797.31607019679,True,IDECBA sobre avisos de Argenprop,2026-09-28
la boca,Boca,3,usado,2024-T3,1315.8115916652075,False,IDECBA sobre avisos de Argenprop,2026-09-28
la boca,Boca,3,usado,2024-T4,1326.6144083613287,False,IDECBA sobre avisos de Argenprop,2026-09-28
la boca,Boca,3,usado,2025-T1,1320.4113359419366,True,IDECBA sobre avisos de Argenprop,2026-09-28
la boca,Boca,3,usado,2025-T2,1307.5803129074316,True,IDECBA sobre avisos de Argenprop,2026-09-28
la boca,Boca,3,usado,2025-T3,1365.5933429811867,True,IDECBA sobre avisos de Argenprop,2026-09-28
la boca,Boca,3,usado,2025-T4,1378.32,True,IDECBA sobre avisos de Argenprop,2026-09-28
la boca,Boca,3,usado,2026-T1,1331.6967224450284,True,IDECBA sobre avisos de Argenprop,2026-09-28
la boca,Boca,3,usado,2026-T2,1343.4276456135128,True,IDECBA sobre avisos de Argenprop,2026-09-28
boedo,Boedo,3,usado,2024-T3,1897.747310934582,False,IDECBA sobre avisos de Argenprop,2026-09-28
boedo,Boedo,3,usado,2024-T4,1876.0191846522782,False,IDECBA sobre avisos de Argenprop,2026-09-28
boedo,Boedo,3,usado,2025-T1,1882.1200342495852,True,IDECBA sobre avisos de Argenprop,2026-09-28
boedo,Boedo,3,usado,2025-T2,1895.9132738427218,True,IDECBA sobre avisos de Argenprop,2026-09-28
boedo,Boedo,3,usado,2025-T3,1861.6042851474672,True,IDECBA sobre avisos de Argenprop,2026-09-28
boedo,Boedo,3,usado,2025-T4,1832.6917013042855,True,IDECBA sobre avisos de Argenprop,2026-09-28
boedo,Boedo,3,usado,2026-T1,1802.4657415109507,True,IDECBA sobre avisos de Argenprop,2026-09-28
boedo,Boedo,3,usado,2026-T2,1771.7659741421671,True,IDECBA sobre avisos de Argenprop,2026-09-28
caballito,Caballito,3,usado,2024-T3,2162.4194528942903,False,IDECBA sobre avisos de Argenprop,2026-09-28
caballito,Caballito,3,usado,2024-T4,2139.4555491109822,False,IDECBA sobre avisos de Argenprop,2026-09-28
caballito,Caballito,3,usado,2025-T1,2168.2965808176464,True,IDECBA sobre avisos de Argenprop,2026-09-28
caballito,Caballito,3,usado,2025-T2,2163.4112015888777,True,IDECBA sobre avisos de Argenprop,2026-09-28
caballito,Caballito,3,usado,2025-T3,2148.5891641947305,True,IDECBA sobre avisos de Argenprop,2026-09-28
caballito,Caballito,3,usado,2025-T4,2179.119185827365,True,IDECBA sobre avisos de Argenprop,2026-09-28
caballito,Caballito,3,usado,2026-T1,2166.8158123749718,True,IDECBA sobre avisos de Argenprop,2026-09-28
caballito,Caballito,3,usado,2026-T2,2181.0128520947105,True,IDECBA sobre avisos de Argenprop,2026-09-28
chacarita,Chacarita,3,usado,2024-T3,2118.4982121573303,False,IDECBA sobre avisos de Argenprop,2026-09-28
chacarita,Chacarita,3,usado,2024-T4,2319.7869443331997,False,IDECBA sobre avisos de Argenprop,2026-09-28
chacarita,Chacarita,3,usado,2025-T1,2359.1868953497183,True,IDECBA sobre avisos de Argenprop,2026-09-28
chacarita,Chacarita,3,usado,2025-T2,2288.765691868759,True,IDECBA sobre avisos de Argenprop,2026-09-28
chacarita,Chacarita,3,usado,2025-T3,2341.122800781944,True,IDECBA sobre avisos de Argenprop,2026-09-28
chacarita,Chacarita,3,usado,2025-T4,2214.600630252101,True,IDECBA sobre avisos de Argenprop,2026-09-28
chacarita,Chacarita,3,usado,2026-T1,2154.435300843056,True,IDECBA sobre avisos de Argenprop,2026-09-28
chacarita,Chacarita,3,usado,2026-T2,2204.888800187431,True,IDECBA sobre avisos de Argenprop,2026-09-28
coghlan,Coghlan,3,usado,2024-T3,2467.536378466558,False,IDECBA sobre avisos de Argenprop,2026-09-28
coghlan,Coghlan,3,usado,2024-T4,2314.33534647171,False,IDECBA sobre avisos de Argenprop,2026-09-28
coghlan,Coghlan,3,usado,2025-T1,2458.8213010646245,True,IDECBA sobre avisos de Argenprop,2026-09-28
coghlan,Coghlan,3,usado,2025-T2,2549.9846484494933,True,IDECBA sobre avisos de Argenprop,2026-09-28
coghlan,Coghlan,3,usado,2025-T3,2492.435720448663,True,IDECBA sobre avisos de Argenprop,2026-09-28
coghlan,Coghlan,3,usado,2025-T4,2563.4610008386917,True,IDECBA sobre avisos de Argenprop,2026-09-28
coghlan,Coghlan,3,usado,2026-T1,2715.5536512211547,True,IDECBA sobre avisos de Argenprop,2026-09-28
coghlan,Coghlan,3,usado,2026-T2,2744.193016634197,True,IDECBA sobre avisos de Argenprop,2026-09-28
colegiales,Colegiales,3,usado,2024-T3,2403.1611269625246,False,IDECBA sobre avisos de Argenprop,2026-09-28
colegiales,Colegiales,3,usado,2024-T4,2528.0932857498547,False,IDECBA sobre avisos de Argenprop,2026-09-28
colegiales,Colegiales,3,usado,2025-T1,2670.137918464062,True,IDECBA sobre avisos de Argenprop,2026-09-28
colegiales,Colegiales,3,usado,2025-T2,2620.8850453172204,True,IDECBA sobre avisos de Argenprop,2026-09-28
colegiales,Colegiales,3,usado,2025-T3,2657.3579940054096,True,IDECBA sobre avisos de Argenprop,2026-09-28
colegiales,Colegiales,3,usado,2025-T4,2676.373903277883,True,IDECBA sobre avisos de Argenprop,2026-09-28
colegiales,Colegiales,3,usado,2026-T1,2674.413044163127,True,IDECBA sobre avisos de Argenprop,2026-09-28
colegiales,Colegiales,3,usado,2026-T2,2685.848316556752,True,IDECBA sobre avisos de Argenprop,2026-09-28
constitucion,Constitución,3,usado,2024-T3,1303.2875765356507,False,IDECBA sobre avisos de Argenprop,2026-09-28
constitucion,Constitución,3,usado,2024-T4,1294.8585089974292,False,IDECBA sobre avisos de Argenprop,2026-09-28
constitucion,Constitución,3,usado,2025-T1,1331.4130339582014,True,IDECBA sobre avisos de Argenprop,2026-09-28
constitucion,Constitución,3,usado,2025-T2,1327.7917414721724,True,IDECBA sobre avisos de Argenprop,2026-09-28
constitucion,Constitución,3,usado,2025-T3,1335.089881148894,True,IDECBA sobre avisos de Argenprop,2026-09-28
constitucion,Constitución,3,usado,2025-T4,1338.6156037878152,True,IDECBA sobre avisos de Argenprop,2026-09-28
constitucion,Constitución,3,usado,2026-T1,1316.8264295536246,True,IDECBA sobre avisos de Argenprop,2026-09-28
constitucion,Constitución,3,usado,2026-T2,1283.5120133085777,True,IDECBA sobre avisos de Argenprop,2026-09-28
flores,Flores,3,usado,2024-T3,1710.1987782462786,False,IDECBA sobre avisos de Argenprop,2026-09-28
flores,Flores,3,usado,2024-T4,1732.0581131548638,False,IDECBA sobre avisos de Argenprop,2026-09-28
flores,Flores,3,usado,2025-T1,1772.6269609853396,True,IDECBA sobre avisos de Argenprop,2026-09-28
flores,Flores,3,usado,2025-T2,1800.8999526483121,True,IDECBA sobre avisos de Argenprop,2026-09-28
flores,Flores,3,usado,2025-T3,1801.1819292604503,True,IDECBA sobre avisos de Argenprop,2026-09-28
flores,Flores,3,usado,2025-T4,1754.3746049246602,True,IDECBA sobre avisos de Argenprop,2026-09-28
flores,Flores,3,usado,2026-T1,1741.7152608585839,True,IDECBA sobre avisos de Argenprop,2026-09-28
flores,Flores,3,usado,2026-T2,1723.2492673852496,True,IDECBA sobre avisos de Argenprop,2026-09-28
floresta,Floresta,3,usado,2024-T3,1601.3145935756272,False,IDECBA sobre avisos de Argenprop,2026-09-28
floresta,Floresta,3,usado,2024-T4,1601.0498733684005,False,IDECBA sobre avisos de Argenprop,2026-09-28
floresta,Floresta,3,usado,2025-T1,1654.7590791207501,True,IDECBA sobre avisos de Argenprop,2026-09-28
floresta,Floresta,3,usado,2025-T2,1645.699678644464,True,IDECBA sobre avisos de Argenprop,2026-09-28
floresta,Floresta,3,usado,2025-T3,1686.267793594306,True,IDECBA sobre avisos de Argenprop,2026-09-28
floresta,Floresta,3,usado,2025-T4,1699.054823491134,True,IDECBA sobre avisos de Argenprop,2026-09-28
floresta,Floresta,3,usado,2026-T1,1727.807092637644,True,IDECBA sobre avisos de Argenprop,2026-09-28
floresta,Floresta,3,usado,2026-T2,1676.04189342815,True,IDECBA sobre avisos de Argenprop,2026-09-28
la paternal,La Paternal,3,usado,2024-T3,1864.2919153553987,False,IDECBA sobre avisos de Argenprop,2026-09-28
la paternal,La Paternal,3,usado,2024-T4,1830.6848446417248,False,IDECBA sobre avisos de Argenprop,2026-09-28
la paternal,La Paternal,3,usado,2025-T1,1824.1916131053827,True,IDECBA sobre avisos de Argenprop,2026-09-28
la paternal,La Paternal,3,usado,2025-T2,1792.1172638436483,True,IDECBA sobre avisos de Argenprop,2026-09-28
la paternal,La Paternal,3,usado,2025-T3,1719.6043165467627,True,IDECBA sobre avisos de Argenprop,2026-09-28
la paternal,La Paternal,3,usado,2025-T4,1805.9944444444445,True,IDECBA sobre avisos de Argenprop,2026-09-28
la paternal,La Paternal,3,usado,2026-T1,1845.4892750524084,True,IDECBA sobre avisos de Argenprop,2026-09-28
la paternal,La Paternal,3,usado,2026-T2,1874.6920751471425,True,IDECBA sobre avisos de Argenprop,2026-09-28
liniers,Liniers,3,usado,2024-T3,1731.94614398772,False,IDECBA sobre avisos de Argenprop,2026-09-28
liniers,Liniers,3,usado,2024-T4,1714.7917579135974,False,IDECBA sobre avisos de Argenprop,2026-09-28
liniers,Liniers,3,usado,2025-T1,1756.0999749033135,True,IDECBA sobre avisos de Argenprop,2026-09-28
liniers,Liniers,3,usado,2025-T2,1766.5264012997563,True,IDECBA sobre avisos de Argenprop,2026-09-28
liniers,Liniers,3,usado,2025-T3,1734.391914766504,True,IDECBA sobre avisos de Argenprop,2026-09-28
liniers,Liniers,3,usado,2025-T4,1637.464815647482,True,IDECBA sobre avisos de Argenprop,2026-09-28
liniers,Liniers,3,usado,2026-T1,1619.6166335186915,True,IDECBA sobre avisos de Argenprop,2026-09-28
liniers,Liniers,3,usado,2026-T2,1689.401509125696,True,IDECBA sobre avisos de Argenprop,2026-09-28
mataderos,Mataderos,3,usado,2024-T3,1654.9717053437844,False,IDECBA sobre avisos de Argenprop,2026-09-28
mataderos,Mataderos,3,usado,2024-T4,1672.6166711626652,False,IDECBA sobre avisos de Argenprop,2026-09-28
mataderos,Mataderos,3,usado,2025-T1,1779.6846786800613,True,IDECBA sobre avisos de Argenprop,2026-09-28
mataderos,Mataderos,3,usado,2025-T2,1773.838036809816,True,IDECBA sobre avisos de Argenprop,2026-09-28
mataderos,Mataderos,3,usado,2025-T3,1618.3473011363637,True,IDECBA sobre avisos de Argenprop,2026-09-28
mataderos,Mataderos,3,usado,2025-T4,1639.1741548994437,True,IDECBA sobre avisos de Argenprop,2026-09-28
mataderos,Mataderos,3,usado,2026-T1,1741.39535239904,True,IDECBA sobre avisos de Argenprop,2026-09-28
mataderos,Mataderos,3,usado,2026-T2,1715.1193017438056,True,IDECBA sobre avisos de Argenprop,2026-09-28
monte castro,Monte Castro,3,usado,2024-T3,1995.4217627378928,False,IDECBA sobre avisos de Argenprop,2026-09-28
monte castro,Monte Castro,3,usado,2024-T4,2093.7847836202886,False,IDECBA sobre avisos de Argenprop,2026-09-28
monte castro,Monte Castro,3,usado,2025-T1,2039.3835788122765,True,IDECBA sobre avisos de Argenprop,2026-09-28
monte castro,Monte Castro,3,usado,2025-T2,1983.1912302070646,True,IDECBA sobre avisos de Argenprop,2026-09-28
monte castro,Monte Castro,3,usado,2025-T3,2001.8950437317785,True,IDECBA sobre avisos de Argenprop,2026-09-28
monte castro,Monte Castro,3,usado,2025-T4,1913.800105346326,True,IDECBA sobre avisos de Argenprop,2026-09-28
monte castro,Monte Castro,3,usado,2026-T1,1927.4240664738422,True,IDECBA sobre avisos de Argenprop,2026-09-28
monte castro,Monte Castro,3,usado,2026-T2,2034.7015052027741,True,IDECBA sobre avisos de Argenprop,2026-09-28
monserrat,Montserrat,3,usado,2024-T3,1595.2678699971207,False,IDECBA sobre avisos de Argenprop,2026-09-28
monserrat,Montserrat,3,usado,2024-T4,1573.6417042195822,False,IDECBA sobre avisos de Argenprop,2026-09-28
monserrat,Montserrat,3,usado,2025-T1,1623.4399509833065,True,IDECBA sobre avisos de Argenprop,2026-09-28
monserrat,Montserrat,3,usado,2025-T2,1635.3456449834619,True,IDECBA sobre avisos de Argenprop,2026-09-28
monserrat,Montserrat,3,usado,2025-T3,1600.746698434309,True,IDECBA sobre avisos de Argenprop,2026-09-28
monserrat,Montserrat,3,usado,2025-T4,1636.97087825401,True,IDECBA sobre avisos de Argenprop,2026-09-28
monserrat,Montserrat,3,usado,2026-T1,1608.4750775481978,True,IDECBA sobre avisos de Argenprop,2026-09-28
monserrat,Montserrat,3,usado,2026-T2,1613.910534820197,True,IDECBA sobre avisos de Argenprop,2026-09-28
nueva pompeya,Nueva Pompeya,3,usado,2024-T3,1343.3586235069429,False,IDECBA sobre avisos de Argenprop,2026-09-28
nueva pompeya,Nueva Pompeya,3,usado,2024-T4,1349.1029411764705,False,IDECBA sobre avisos de Argenprop,2026-09-28
nueva pompeya,Nueva Pompeya,3,usado,2025-T1,1377.8938084953204,True,IDECBA sobre avisos de Argenprop,2026-09-28
nueva pompeya,Nueva Pompeya,3,usado,2025-T2,1373.0635208711433,True,IDECBA sobre avisos de Argenprop,2026-09-28
nueva pompeya,Nueva Pompeya,3,usado,2025-T3,1392.7820094305405,True,IDECBA sobre avisos de Argenprop,2026-09-28
nueva pompeya,Nueva Pompeya,3,usado,2025-T4,1368.636911942099,True,IDECBA sobre avisos de Argenprop,2026-09-28
nueva pompeya,Nueva Pompeya,3,usado,2026-T1,1322.1589088078717,True,IDECBA sobre avisos de Argenprop,2026-09-28
nueva pompeya,Nueva Pompeya,3,usado,2026-T2,1341.9736314554084,True,IDECBA sobre avisos de Argenprop,2026-09-28
nunez,Núñez,3,usado,2024-T3,2537.415347785977,False,IDECBA sobre avisos de Argenprop,2026-09-28
nunez,Núñez,3,usado,2024-T4,2562.9239230064163,False,IDECBA sobre avisos de Argenprop,2026-09-28
nunez,Núñez,3,usado,2025-T1,2882.6436569630514,True,IDECBA sobre avisos de Argenprop,2026-09-28
nunez,Núñez,3,usado,2025-T2,2807.4234928527035,True,IDECBA sobre avisos de Argenprop,2026-09-28
nunez,Núñez,3,usado,2025-T3,2823.4534209509084,True,IDECBA sobre avisos de Argenprop,2026-09-28
nunez,Núñez,3,usado,2025-T4,2829.293177141048,True,IDECBA sobre avisos de Argenprop,2026-09-28
nunez,Núñez,3,usado,2026-T1,2847.0343426258023,True,IDECBA sobre avisos de Argenprop,2026-09-28
nunez,Núñez,3,usado,2026-T2,2908.942921994751,True,IDECBA sobre avisos de Argenprop,2026-09-28
palermo,Palermo,3,usado,2024-T3,2764.369798245363,False,IDECBA sobre avisos de Argenprop,2026-09-28
palermo,Palermo,3,usado,2024-T4,2760.613840577503,False,IDECBA sobre avisos de Argenprop,2026-09-28
palermo,Palermo,3,usado,2025-T1,2774.042552932796,True,IDECBA sobre avisos de Argenprop,2026-09-28
palermo,Palermo,3,usado,2025-T2,2785.0964380586174,True,IDECBA sobre avisos de Argenprop,2026-09-28
palermo,Palermo,3,usado,2025-T3,2841.7810860885675,True,IDECBA sobre avisos de Argenprop,2026-09-28
palermo,Palermo,3,usado,2025-T4,2874.9941518151813,True,IDECBA sobre avisos de Argenprop,2026-09-28
palermo,Palermo,3,usado,2026-T1,2879.219009827763,True,IDECBA sobre avisos de Argenprop,2026-09-28
palermo,Palermo,3,usado,2026-T2,2855.3067084299655,True,IDECBA sobre avisos de Argenprop,2026-09-28
parque avellaneda,Parque Avellaneda,3,usado,2024-T3,1348.867391827712,False,IDECBA sobre avisos de Argenprop,2026-09-28
parque avellaneda,Parque Avellaneda,3,usado,2024-T4,1314.911706998038,False,IDECBA sobre avisos de Argenprop,2026-09-28
parque avellaneda,Parque Avellaneda,3,usado,2025-T1,1525.0211908455547,True,IDECBA sobre avisos de Argenprop,2026-09-28
parque avellaneda,Parque Avellaneda,3,usado,2025-T2,1490.1601830663615,True,IDECBA sobre avisos de Argenprop,2026-09-28
parque avellaneda,Parque Avellaneda,3,usado,2025-T3,1465.4600811907983,True,IDECBA sobre avisos de Argenprop,2026-09-28
parque avellaneda,Parque Avellaneda,3,usado,2025-T4,1455.514179318247,True,IDECBA sobre avisos de Argenprop,2026-09-28
parque avellaneda,Parque Avellaneda,3,usado,2026-T1,1523.7424410131234,True,IDECBA sobre avisos de Argenprop,2026-09-28
parque avellaneda,Parque Avellaneda,3,usado,2026-T2,1472.6627057813546,True,IDECBA sobre avisos de Argenprop,2026-09-28
parque chacabuco,Parque Chacabuco,3,usado,2024-T3,1921.142977230622,False,IDECBA sobre avisos de Argenprop,2026-09-28
parque chacabuco,Parque Chacabuco,3,usado,2024-T4,1957.8260353625253,False,IDECBA sobre avisos de Argenprop,2026-09-28
parque chacabuco,Parque Chacabuco,3,usado,2025-T1,2015.9583889854325,True,IDECBA sobre avisos de Argenprop,2026-09-28
parque chacabuco,Parque Chacabuco,3,usado,2025-T2,2064.5719705952097,True,IDECBA sobre avisos de Argenprop,2026-09-28
parque chacabuco,Parque Chacabuco,3,usado,2025-T3,2224.089006870706,True,IDECBA sobre avisos de Argenprop,2026-09-28
parque chacabuco,Parque Chacabuco,3,usado,2025-T4,2079.197483059051,True,IDECBA sobre avisos de Argenprop,2026-09-28
parque chacabuco,Parque Chacabuco,3,usado,2026-T1,2036.8584799662128,True,IDECBA sobre avisos de Argenprop,2026-09-28
parque chacabuco,Parque Chacabuco,3,usado,2026-T2,2062.4878122482964,True,IDECBA sobre avisos de Argenprop,2026-09-28
parque chas,Parque Chas,3,usado,2024-T3,,False,IDECBA sobre avisos de Argenprop,2026-09-28
parque chas,Parque Chas,3,usado,2024-T4,2411.273381294964,False,IDECBA sobre avisos de Argenprop,2026-09-28
parque chas,Parque Chas,3,usado,2025-T1,,True,IDECBA sobre avisos de Argenprop,2026-09-28
parque chas,Parque Chas,3,usado,2025-T2,,True,IDECBA sobre avisos de Argenprop,2026-09-28
parque chas,Parque Chas,3,usado,2025-T3,2430.7105108631827,True,IDECBA sobre avisos de Argenprop,2026-09-28
parque chas,Parque Chas,3,usado,2025-T4,2572.226250906454,True,IDECBA sobre avisos de Argenprop,2026-09-28
parque chas,Parque Chas,3,usado,2026-T1,2593.001461819814,True,IDECBA sobre avisos de Argenprop,2026-09-28
parque chas,Parque Chas,3,usado,2026-T2,2497.7078911342483,True,IDECBA sobre avisos de Argenprop,2026-09-28
parque patricios,Parque Patricios,3,usado,2024-T3,1484.4360313315926,False,IDECBA sobre avisos de Argenprop,2026-09-28
parque patricios,Parque Patricios,3,usado,2024-T4,1569.2602040816328,False,IDECBA sobre avisos de Argenprop,2026-09-28
parque patricios,Parque Patricios,3,usado,2025-T1,1566.999784419208,True,IDECBA sobre avisos de Argenprop,2026-09-28
parque patricios,Parque Patricios,3,usado,2025-T2,1609.8271604938273,True,IDECBA sobre avisos de Argenprop,2026-09-28
parque patricios,Parque Patricios,3,usado,2025-T3,1583.5704697986578,True,IDECBA sobre avisos de Argenprop,2026-09-28
parque patricios,Parque Patricios,3,usado,2025-T4,1621.8676537585422,True,IDECBA sobre avisos de Argenprop,2026-09-28
parque patricios,Parque Patricios,3,usado,2026-T1,1585.76528490226,True,IDECBA sobre avisos de Argenprop,2026-09-28
parque patricios,Parque Patricios,3,usado,2026-T2,1573.8307057504712,True,IDECBA sobre avisos de Argenprop,2026-09-28
puerto madero,Puerto Madero,3,usado,2024-T3,5318.745586107091,False,IDECBA sobre avisos de Argenprop,2026-09-28
puerto madero,Puerto Madero,3,usado,2024-T4,5502.485249545362,False,IDECBA sobre avisos de Argenprop,2026-09-28
puerto madero,Puerto Madero,3,usado,2025-T1,5596.184388939916,True,IDECBA sobre avisos de Argenprop,2026-09-28
puerto madero,Puerto Madero,3,usado,2025-T2,5611.296969696969,True,IDECBA sobre avisos de Argenprop,2026-09-28
puerto madero,Puerto Madero,3,usado,2025-T3,5718.687258687259,True,IDECBA sobre avisos de Argenprop,2026-09-28
puerto madero,Puerto Madero,3,usado,2025-T4,5762.537237520889,True,IDECBA sobre avisos de Argenprop,2026-09-28
puerto madero,Puerto Madero,3,usado,2026-T1,5623.016076830286,True,IDECBA sobre avisos de Argenprop,2026-09-28
puerto madero,Puerto Madero,3,usado,2026-T2,5582.3666284396495,True,IDECBA sobre avisos de Argenprop,2026-09-28
recoleta,Recoleta,3,usado,2024-T3,2582.507005206371,False,IDECBA sobre avisos de Argenprop,2026-09-28
recoleta,Recoleta,3,usado,2024-T4,2586.9566527917323,False,IDECBA sobre avisos de Argenprop,2026-09-28
recoleta,Recoleta,3,usado,2025-T1,2687.728354879316,True,IDECBA sobre avisos de Argenprop,2026-09-28
recoleta,Recoleta,3,usado,2025-T2,2652.633184931507,True,IDECBA sobre avisos de Argenprop,2026-09-28
recoleta,Recoleta,3,usado,2025-T3,2609.5956326063992,True,IDECBA sobre avisos de Argenprop,2026-09-28
recoleta,Recoleta,3,usado,2025-T4,2618.785691882608,True,IDECBA sobre avisos de Argenprop,2026-09-28
recoleta,Recoleta,3,usado,2026-T1,2590.433002721721,True,IDECBA sobre avisos de Argenprop,2026-09-28
recoleta,Recoleta,3,usado,2026-T2,2615.526313029986,True,IDECBA sobre avisos de Argenprop,2026-09-28
retiro,Retiro,3,usado,2024-T3,2492.0321980562944,False,IDECBA sobre avisos de Argenprop,2026-09-28
retiro,Retiro,3,usado,2024-T4,2310.217579428854,False,IDECBA sobre avisos de Argenprop,2026-09-28
retiro,Retiro,3,usado,2025-T1,2317.405391842466,True,IDECBA sobre avisos de Argenprop,2026-09-28
retiro,Retiro,3,usado,2025-T2,2368.8283437551877,True,IDECBA sobre avisos de Argenprop,2026-09-28
retiro,Retiro,3,usado,2025-T3,2464.3251089221444,True,IDECBA sobre avisos de Argenprop,2026-09-28
retiro,Retiro,3,usado,2025-T4,2558.068518700304,True,IDECBA sobre avisos de Argenprop,2026-09-28
retiro,Retiro,3,usado,2026-T1,2465.0790614511743,True,IDECBA sobre avisos de Argenprop,2026-09-28
retiro,Retiro,3,usado,2026-T2,2457.5933570077195,True,IDECBA sobre avisos de Argenprop,2026-09-28
saavedra,Saavedra,3,usado,2024-T3,2394.635203042238,False,IDECBA sobre avisos de Argenprop,2026-09-28
saavedra,Saavedra,3,usado,2024-T4,2370.4553082191783,False,IDECBA sobre avisos de Argenprop,2026-09-28
saavedra,Saavedra,3,usado,2025-T1,2448.1663067670333,True,IDECBA sobre avisos de Argenprop,2026-09-28
saavedra,Saavedra,3,usado,2025-T2,2475.566098945661,True,IDECBA sobre avisos de Argenprop,2026-09-28
saavedra,Saavedra,3,usado,2025-T3,2545.92247925128,True,IDECBA sobre avisos de Argenprop,2026-09-28
saavedra,Saavedra,3,usado,2025-T4,2631.8131995368585,True,IDECBA sobre avisos de Argenprop,2026-09-28
saavedra,Saavedra,3,usado,2026-T1,2558.3057487400943,True,IDECBA sobre avisos de Argenprop,2026-09-28
saavedra,Saavedra,3,usado,2026-T2,2760.282540462973,True,IDECBA sobre avisos de Argenprop,2026-09-28
san cristobal,San Cristóbal,3,usado,2024-T3,1653.9354129608516,False,IDECBA sobre avisos de Argenprop,2026-09-28
san cristobal,San Cristóbal,3,usado,2024-T4,1656.0593558116989,False,IDECBA sobre avisos de Argenprop,2026-09-28
san cristobal,San Cristóbal,3,usado,2025-T1,1714.2859785347573,True,IDECBA sobre avisos de Argenprop,2026-09-28
san cristobal,San Cristóbal,3,usado,2025-T2,1686.0046875,True,IDECBA sobre avisos de Argenprop,2026-09-28
san cristobal,San Cristóbal,3,usado,2025-T3,1702.5691282051282,True,IDECBA sobre avisos de Argenprop,2026-09-28
san cristobal,San Cristóbal,3,usado,2025-T4,1683.2145717463848,True,IDECBA sobre avisos de Argenprop,2026-09-28
san cristobal,San Cristóbal,3,usado,2026-T1,1670.6966544875222,True,IDECBA sobre avisos de Argenprop,2026-09-28
san cristobal,San Cristóbal,3,usado,2026-T2,1643.5170170588326,True,IDECBA sobre avisos de Argenprop,2026-09-28
san nicolas,San Nicolás,3,usado,2024-T3,1715.5179418945165,False,IDECBA sobre avisos de Argenprop,2026-09-28
san nicolas,San Nicolás,3,usado,2024-T4,1649.4125816475364,False,IDECBA sobre avisos de Argenprop,2026-09-28
san nicolas,San Nicolás,3,usado,2025-T1,1724.1680581936594,True,IDECBA sobre avisos de Argenprop,2026-09-28
san nicolas,San Nicolás,3,usado,2025-T2,1732.0762950724074,True,IDECBA sobre avisos de Argenprop,2026-09-28
san nicolas,San Nicolás,3,usado,2025-T3,1696.5110601193207,True,IDECBA sobre avisos de Argenprop,2026-09-28
san nicolas,San Nicolás,3,usado,2025-T4,1689.777838185143,True,IDECBA sobre avisos de Argenprop,2026-09-28
san nicolas,San Nicolás,3,usado,2026-T1,1669.4784728516645,True,IDECBA sobre avisos de Argenprop,2026-09-28
san nicolas,San Nicolás,3,usado,2026-T2,1674.1126526890143,True,IDECBA sobre avisos de Argenprop,2026-09-28
san telmo,San Telmo,3,usado,2024-T3,1752.0052458786681,False,IDECBA sobre avisos de Argenprop,2026-09-28
san telmo,San Telmo,3,usado,2024-T4,1810.3137922646558,False,IDECBA sobre avisos de Argenprop,2026-09-28
san telmo,San Telmo,3,usado,2025-T1,1798.9756095970577,True,IDECBA sobre avisos de Argenprop,2026-09-28
san telmo,San Telmo,3,usado,2025-T2,1792.9716139497161,True,IDECBA sobre avisos de Argenprop,2026-09-28
san telmo,San Telmo,3,usado,2025-T3,1796.4933664113903,True,IDECBA sobre avisos de Argenprop,2026-09-28
san telmo,San Telmo,3,usado,2025-T4,1799.9512081784387,True,IDECBA sobre avisos de Argenprop,2026-09-28
san telmo,San Telmo,3,usado,2026-T1,1784.3438207162992,True,IDECBA sobre avisos de Argenprop,2026-09-28
san telmo,San Telmo,3,usado,2026-T2,1751.2667514428251,True,IDECBA sobre avisos de Argenprop,2026-09-28
velez sarsfield,Vélez Sarsfield,3,usado,2024-T3,1554.8354670323752,False,IDECBA sobre avisos de Argenprop,2026-09-28
velez sarsfield,Vélez Sarsfield,3,usado,2024-T4,1580.0099700897308,False,IDECBA sobre avisos de Argenprop,2026-09-28
velez sarsfield,Vélez Sarsfield,3,usado,2025-T1,1635.0670886678815,True,IDECBA sobre avisos de Argenprop,2026-09-28
velez sarsfield,Vélez Sarsfield,3,usado,2025-T2,1601.2092085720349,True,IDECBA sobre avisos de Argenprop,2026-09-28
velez sarsfield,Vélez Sarsfield,3,usado,2025-T3,1571.0175145954963,True,IDECBA sobre avisos de Argenprop,2026-09-28
velez sarsfield,Vélez Sarsfield,3,usado,2025-T4,1600.9534127843988,True,IDECBA sobre avisos de Argenprop,2026-09-28
velez sarsfield,Vélez Sarsfield,3,usado,2026-T1,1614.2292132544392,True,IDECBA sobre avisos de Argenprop,2026-09-28
velez sarsfield,Vélez Sarsfield,3,usado,2026-T2,1637.7371869278254,True,IDECBA sobre avisos de Argenprop,2026-09-28
versalles,Versalles,3,usado,2024-T3,1667.6240208877284,False,IDECBA sobre avisos de Argenprop,2026-09-28
versalles,Versalles,3,usado,2024-T4,1614.4687666844634,False,IDECBA sobre avisos de Argenprop,2026-09-28
versalles,Versalles,3,usado,2025-T1,1829.3646020198428,True,IDECBA sobre avisos de Argenprop,2026-09-28
versalles,Versalles,3,usado,2025-T2,1714.6520146520147,True,IDECBA sobre avisos de Argenprop,2026-09-28
versalles,Versalles,3,usado,2025-T3,1683.7932764676368,True,IDECBA sobre avisos de Argenprop,2026-09-28
versalles,Versalles,3,usado,2025-T4,1698.162583518931,True,IDECBA sobre avisos de Argenprop,2026-09-28
versalles,Versalles,3,usado,2026-T1,1676.1424472140134,True,IDECBA sobre avisos de Argenprop,2026-09-28
versalles,Versalles,3,usado,2026-T2,1769.6835908756436,True,IDECBA sobre avisos de Argenprop,2026-09-28
villa crespo,Villa Crespo,3,usado,2024-T3,2043.7461306817881,False,IDECBA sobre avisos de Argenprop,2026-09-28
villa crespo,Villa Crespo,3,usado,2024-T4,2072.330722259915,False,IDECBA sobre avisos de Argenprop,2026-09-28
villa crespo,Villa Crespo,3,usado,2025-T1,2081.9890511148587,True,IDECBA sobre avisos de Argenprop,2026-09-28
villa crespo,Villa Crespo,3,usado,2025-T2,2116.4214574898783,True,IDECBA sobre avisos de Argenprop,2026-09-28
villa crespo,Villa Crespo,3,usado,2025-T3,2081.7549827520124,True,IDECBA sobre avisos de Argenprop,2026-09-28
villa crespo,Villa Crespo,3,usado,2025-T4,2099.855640338214,True,IDECBA sobre avisos de Argenprop,2026-09-28
villa crespo,Villa Crespo,3,usado,2026-T1,2103.2192512925885,True,IDECBA sobre avisos de Argenprop,2026-09-28
villa crespo,Villa Crespo,3,usado,2026-T2,2172.0288070307115,True,IDECBA sobre avisos de Argenprop,2026-09-28
villa del parque,Villa del Parque,3,usado,2024-T3,2048.6786931436395,False,IDECBA sobre avisos de Argenprop,2026-09-28
villa del parque,Villa del Parque,3,usado,2024-T4,2048.6113863537594,False,IDECBA sobre avisos de Argenprop,2026-09-28
villa del parque,Villa del Parque,3,usado,2025-T1,2115.6858975394607,True,IDECBA sobre avisos de Argenprop,2026-09-28
villa del parque,Villa del Parque,3,usado,2025-T2,2093.8673229768788,True,IDECBA sobre avisos de Argenprop,2026-09-28
villa del parque,Villa del Parque,3,usado,2025-T3,2062.8729091367572,True,IDECBA sobre avisos de Argenprop,2026-09-28
villa del parque,Villa del Parque,3,usado,2025-T4,2098.031771321462,True,IDECBA sobre avisos de Argenprop,2026-09-28
villa del parque,Villa del Parque,3,usado,2026-T1,2076.0975933539235,True,IDECBA sobre avisos de Argenprop,2026-09-28
villa del parque,Villa del Parque,3,usado,2026-T2,2163.620537009051,True,IDECBA sobre avisos de Argenprop,2026-09-28
villa devoto,Villa Devoto,3,usado,2024-T3,2266.965873904737,False,IDECBA sobre avisos de Argenprop,2026-09-28
villa devoto,Villa Devoto,3,usado,2024-T4,2188.3161477716258,False,IDECBA sobre avisos de Argenprop,2026-09-28
villa devoto,Villa Devoto,3,usado,2025-T1,2451.054713436885,True,IDECBA sobre avisos de Argenprop,2026-09-28
villa devoto,Villa Devoto,3,usado,2025-T2,2318.082053314835,True,IDECBA sobre avisos de Argenprop,2026-09-28
villa devoto,Villa Devoto,3,usado,2025-T3,2290.083785249458,True,IDECBA sobre avisos de Argenprop,2026-09-28
villa devoto,Villa Devoto,3,usado,2025-T4,2331.32099381361,True,IDECBA sobre avisos de Argenprop,2026-09-28
villa devoto,Villa Devoto,3,usado,2026-T1,2390.065656789568,True,IDECBA sobre avisos de Argenprop,2026-09-28
villa devoto,Villa Devoto,3,usado,2026-T2,2447.3797315042198,True,IDECBA sobre avisos de Argenprop,2026-09-28
villa gral. mitre,Villa Gral. Mitre,3,usado,2024-T3,1775.6656962878901,False,IDECBA sobre avisos de Argenprop,2026-09-28
villa gral. mitre,Villa Gral. Mitre,3,usado,2024-T4,1784.0144691257387,False,IDECBA sobre avisos de Argenprop,2026-09-28
villa gral. mitre,Villa Gral. Mitre,3,usado,2025-T1,1783.0109976480635,True,IDECBA sobre avisos de Argenprop,2026-09-28
villa gral. mitre,Villa Gral. Mitre,3,usado,2025-T2,1718.346314325452,True,IDECBA sobre avisos de Argenprop,2026-09-28
villa gral. mitre,Villa Gral. Mitre,3,usado,2025-T3,1760.7275258552108,True,IDECBA sobre avisos de Argenprop,2026-09-28
villa gral. mitre,Villa Gral. Mitre,3,usado,2025-T4,1821.7364742428165,True,IDECBA sobre avisos de Argenprop,2026-09-28
villa gral. mitre,Villa Gral. Mitre,3,usado,2026-T1,1912.457126380385,True,IDECBA sobre avisos de Argenprop,2026-09-28
villa gral. mitre,Villa Gral. Mitre,3,usado,2026-T2,1861.4054073163354,True,IDECBA sobre avisos de Argenprop,2026-09-28
villa lugano,Villa Lugano,3,usado,2024-T3,973.859570702861,False,IDECBA sobre avisos de Argenprop,2026-09-28
villa lugano,Villa Lugano,3,usado,2024-T4,980.6342898431049,False,IDECBA sobre avisos de Argenprop,2026-09-28
villa lugano,Villa Lugano,3,usado,2025-T1,1030.4893901937737,True,IDECBA sobre avisos de Argenprop,2026-09-28
villa lugano,Villa Lugano,3,usado,2025-T2,1007.770132458094,True,IDECBA sobre avisos de Argenprop,2026-09-28
villa lugano,Villa Lugano,3,usado,2025-T3,998.1965080451901,True,IDECBA sobre avisos de Argenprop,2026-09-28
villa lugano,Villa Lugano,3,usado,2025-T4,996.2991071428571,True,IDECBA sobre avisos de Argenprop,2026-09-28
villa lugano,Villa Lugano,3,usado,2026-T1,996.1748907533735,True,IDECBA sobre avisos de Argenprop,2026-09-28
villa lugano,Villa Lugano,3,usado,2026-T2,974.1111227927989,True,IDECBA sobre avisos de Argenprop,2026-09-28
villa luro,Villa Luro,3,usado,2024-T3,1807.739989948065,False,IDECBA sobre avisos de Argenprop,2026-09-28
villa luro,Villa Luro,3,usado,2024-T4,1824.0845602114005,False,IDECBA sobre avisos de Argenprop,2026-09-28
villa luro,Villa Luro,3,usado,2025-T1,1883.7616475251293,True,IDECBA sobre avisos de Argenprop,2026-09-28
villa luro,Villa Luro,3,usado,2025-T2,1994.8175182481752,True,IDECBA sobre avisos de Argenprop,2026-09-28
villa luro,Villa Luro,3,usado,2025-T3,1998.9858338699291,True,IDECBA sobre avisos de Argenprop,2026-09-28
villa luro,Villa Luro,3,usado,2025-T4,1906.0448691316992,True,IDECBA sobre avisos de Argenprop,2026-09-28
villa luro,Villa Luro,3,usado,2026-T1,1890.3236080760696,True,IDECBA sobre avisos de Argenprop,2026-09-28
villa luro,Villa Luro,3,usado,2026-T2,1923.3393364707656,True,IDECBA sobre avisos de Argenprop,2026-09-28
villa ortuzar,Villa Ortúzar,3,usado,2024-T3,,False,IDECBA sobre avisos de Argenprop,2026-09-28
villa ortuzar,Villa Ortúzar,3,usado,2024-T4,,False,IDECBA sobre avisos de Argenprop,2026-09-28
villa ortuzar,Villa Ortúzar,3,usado,2025-T1,,True,IDECBA sobre avisos de Argenprop,2026-09-28
villa ortuzar,Villa Ortúzar,3,usado,2025-T2,,True,IDECBA sobre avisos de Argenprop,2026-09-28
villa ortuzar,Villa Ortúzar,3,usado,2025-T3,,True,IDECBA sobre avisos de Argenprop,2026-09-28
villa ortuzar,Villa Ortúzar,3,usado,2025-T4,,True,IDECBA sobre avisos de Argenprop,2026-09-28
villa ortuzar,Villa Ortúzar,3,usado,2026-T1,,True,IDECBA sobre avisos de Argenprop,2026-09-28
villa ortuzar,Villa Ortúzar,3,usado,2026-T2,,True,IDECBA sobre avisos de Argenprop,2026-09-28
villa pueyrredon,Villa Pueyrredón,3,usado,2024-T3,1874.3927506937544,False,IDECBA sobre avisos de Argenprop,2026-09-28
villa pueyrredon,Villa Pueyrredón,3,usado,2024-T4,1950.7968441814596,False,IDECBA sobre avisos de Argenprop,2026-09-28
villa pueyrredon,Villa Pueyrredón,3,usado,2025-T1,2008.914638560426,True,IDECBA sobre avisos de Argenprop,2026-09-28
villa pueyrredon,Villa Pueyrredón,3,usado,2025-T2,2143.47370671227,True,IDECBA sobre avisos de Argenprop,2026-09-28
villa pueyrredon,Villa Pueyrredón,3,usado,2025-T3,2177.6980542043084,True,IDECBA sobre avisos de Argenprop,2026-09-28
villa pueyrredon,Villa Pueyrredón,3,usado,2025-T4,2107.5960650128313,True,IDECBA sobre avisos de Argenprop,2026-09-28
villa pueyrredon,Villa Pueyrredón,3,usado,2026-T1,2176.9079046948805,True,IDECBA sobre avisos de Argenprop,2026-09-28
villa pueyrredon,Villa Pueyrredón,3,usado,2026-T2,2366.1980215452854,True,IDECBA sobre avisos de Argenprop,2026-09-28
villa real,Villa Real,3,usado,2024-T3,,False,IDECBA sobre avisos de Argenprop,2026-09-28
villa real,Villa Real,3,usado,2024-T4,,False,IDECBA sobre avisos de Argenprop,2026-09-28
villa real,Villa Real,3,usado,2025-T1,,True,IDECBA sobre avisos de Argenprop,2026-09-28
villa real,Villa Real,3,usado,2025-T2,,True,IDECBA sobre avisos de Argenprop,2026-09-28
villa real,Villa Real,3,usado,2025-T3,,True,IDECBA sobre avisos de Argenprop,2026-09-28
villa real,Villa Real,3,usado,2025-T4,,True,IDECBA sobre avisos de Argenprop,2026-09-28
villa real,Villa Real,3,usado,2026-T1,,True,IDECBA sobre avisos de Argenprop,2026-09-28
villa real,Villa Real,3,usado,2026-T2,,True,IDECBA sobre avisos de Argenprop,2026-09-28
villa riachuelo,Villa Riachuelo,3,usado,2024-T3,,False,IDECBA sobre avisos de Argenprop,2026-09-28
villa riachuelo,Villa Riachuelo,3,usado,2024-T4,1366.4227642276423,False,IDECBA sobre avisos de Argenprop,2026-09-28
villa riachuelo,Villa Riachuelo,3,usado,2025-T1,1373.6409440466718,True,IDECBA sobre avisos de Argenprop,2026-09-28
villa riachuelo,Villa Riachuelo,3,usado,2025-T2,1397.161936560935,True,IDECBA sobre avisos de Argenprop,2026-09-28
villa riachuelo,Villa Riachuelo,3,usado,2025-T3,1464.516129032258,True,IDECBA sobre avisos de Argenprop,2026-09-28
villa riachuelo,Villa Riachuelo,3,usado,2025-T4,1426.2443438914027,True,IDECBA sobre avisos de Argenprop,2026-09-28
villa riachuelo,Villa Riachuelo,3,usado,2026-T1,1496.6368527236045,True,IDECBA sobre avisos de Argenprop,2026-09-28
villa riachuelo,Villa Riachuelo,3,usado,2026-T2,1392.359225058845,True,IDECBA sobre avisos de Argenprop,2026-09-28
villa santa rita,Villa Santa Rita,3,usado,2024-T3,1939.417749408677,False,IDECBA sobre avisos de Argenprop,2026-09-28
villa santa rita,Villa Santa Rita,3,usado,2024-T4,1951.11441307578,False,IDECBA sobre avisos de Argenprop,2026-09-28
villa santa rita,Villa Santa Rita,3,usado,2025-T1,2134.523092858344,True,IDECBA sobre avisos de Argenprop,2026-09-28
villa santa rita,Villa Santa Rita,3,usado,2025-T2,2000.6652494965317,True,IDECBA sobre avisos de Argenprop,2026-09-28
villa santa rita,Villa Santa Rita,3,usado,2025-T3,1962.667890870934,True,IDECBA sobre avisos de Argenprop,2026-09-28
villa santa rita,Villa Santa Rita,3,usado,2025-T4,1970.9019760790432,True,IDECBA sobre avisos de Argenprop,2026-09-28
villa santa rita,Villa Santa Rita,3,usado,2026-T1,2059.1401454284824,True,IDECBA sobre avisos de Argenprop,2026-09-28
villa santa rita,Villa Santa Rita,3,usado,2026-T2,2126.6226363093806,True,IDECBA sobre avisos de Argenprop,2026-09-28
villa soldati,Villa Soldati,3,usado,2024-T3,,False,IDECBA sobre avisos de Argenprop,2026-09-28
villa soldati,Villa Soldati,3,usado,2024-T4,,False,IDECBA sobre avisos de Argenprop,2026-09-28
villa soldati,Villa Soldati,3,usado,2025-T1,,True,IDECBA sobre avisos de Argenprop,2026-09-28
villa soldati,Villa Soldati,3,usado,2025-T2,,True,IDECBA sobre avisos de Argenprop,2026-09-28
villa soldati,Villa Soldati,3,usado,2025-T3,,True,IDECBA sobre avisos de Argenprop,2026-09-28
villa soldati,Villa Soldati,3,usado,2025-T4,,True,IDECBA sobre avisos de Argenprop,2026-09-28
villa soldati,Villa Soldati,3,usado,2026-T1,,True,IDECBA sobre avisos de Argenprop,2026-09-28
villa soldati,Villa Soldati,3,usado,2026-T2,,True,IDECBA sobre avisos de Argenprop,2026-09-28
villa urquiza,Villa Urquiza,3,usado,2024-T3,2599.143727514356,False,IDECBA sobre avisos de Argenprop,2026-09-28
villa urquiza,Villa Urquiza,3,usado,2024-T4,2604.5491803278687,False,IDECBA sobre avisos de Argenprop,2026-09-28
villa urquiza,Villa Urquiza,3,usado,2025-T1,2655.3015256286603,True,IDECBA sobre avisos de Argenprop,2026-09-28
villa urquiza,Villa Urquiza,3,usado,2025-T2,2574.0939403014877,True,IDECBA sobre avisos de Argenprop,2026-09-28
villa urquiza,Villa Urquiza,3,usado,2025-T3,2579.358356457816,True,IDECBA sobre avisos de Argenprop,2026-09-28
villa urquiza,Villa Urquiza,3,usado,2025-T4,2597.570035046729,True,IDECBA sobre avisos de Argenprop,2026-09-28
villa urquiza,Villa Urquiza,3,usado,2026-T1,2646.526302620363,True,IDECBA sobre avisos de Argenprop,2026-09-28
villa urquiza,Villa Urquiza,3,usado,2026-T2,2683.5472818902617,True,IDECBA sobre avisos de Argenprop,2026-09-28
agronomia,Agronomía,3,estrenar,2024-T3,,False,IDECBA sobre avisos de Argenprop,2026-09-28
agronomia,Agronomía,3,estrenar,2024-T4,,False,IDECBA sobre avisos de Argenprop,2026-09-28
agronomia,Agronomía,3,estrenar,2025-T1,,True,IDECBA sobre avisos de Argenprop,2026-09-28
agronomia,Agronomía,3,estrenar,2025-T2,,True,IDECBA sobre avisos de Argenprop,2026-09-28
agronomia,Agronomía,3,estrenar,2025-T3,,True,IDECBA sobre avisos de Argenprop,2026-09-28
agronomia,Agronomía,3,estrenar,2025-T4,,True,IDECBA sobre avisos de Argenprop,2026-09-28
agronomia,Agronomía,3,estrenar,2026-T1,,True,IDECBA sobre avisos de Argenprop,2026-09-28
agronomia,Agronomía,3,estrenar,2026-T2,,True,IDECBA sobre avisos de Argenprop,2026-09-28
almagro,Almagro,3,estrenar,2024-T3,2708.644247379938,False,IDECBA sobre avisos de Argenprop,2026-09-28
almagro,Almagro,3,estrenar,2024-T4,2601.8844444444444,False,IDECBA sobre avisos de Argenprop,2026-09-28
almagro,Almagro,3,estrenar,2025-T1,2722.8432804629497,True,IDECBA sobre avisos de Argenprop,2026-09-28
almagro,Almagro,3,estrenar,2025-T2,2765.335005015045,True,IDECBA sobre avisos de Argenprop,2026-09-28
almagro,Almagro,3,estrenar,2025-T3,2811.7644210226463,True,IDECBA sobre avisos de Argenprop,2026-09-28
almagro,Almagro,3,estrenar,2025-T4,2925.0882474226805,True,IDECBA sobre avisos de Argenprop,2026-09-28
almagro,Almagro,3,estrenar,2026-T1,2931.383727920447,True,IDECBA sobre avisos de Argenprop,2026-09-28
almagro,Almagro,3,estrenar,2026-T2,2927.209377948356,True,IDECBA sobre avisos de Argenprop,2026-09-28
balvanera,Balvanera,3,estrenar,2024-T3,2448.7372536753205,False,IDECBA sobre avisos de Argenprop,2026-09-28
balvanera,Balvanera,3,estrenar,2024-T4,2565.045818647869,False,IDECBA sobre avisos de Argenprop,2026-09-28
balvanera,Balvanera,3,estrenar,2025-T1,2532.4810574999183,True,IDECBA sobre avisos de Argenprop,2026-09-28
balvanera,Balvanera,3,estrenar,2025-T2,2609.889834406624,True,IDECBA sobre avisos de Argenprop,2026-09-28
balvanera,Balvanera,3,estrenar,2025-T3,2792.717979080324,True,IDECBA sobre avisos de Argenprop,2026-09-28
balvanera,Balvanera,3,estrenar,2025-T4,2851.1312872975277,True,IDECBA sobre avisos de Argenprop,2026-09-28
balvanera,Balvanera,3,estrenar,2026-T1,3039.3552176294475,True,IDECBA sobre avisos de Argenprop,2026-09-28
balvanera,Balvanera,3,estrenar,2026-T2,3015.7804300376165,True,IDECBA sobre avisos de Argenprop,2026-09-28
barracas,Barracas,3,estrenar,2024-T3,2486.6715850547694,False,IDECBA sobre avisos de Argenprop,2026-09-28
barracas,Barracas,3,estrenar,2024-T4,2462.957292271935,False,IDECBA sobre avisos de Argenprop,2026-09-28
barracas,Barracas,3,estrenar,2025-T1,2590.4122200754678,True,IDECBA sobre avisos de Argenprop,2026-09-28
barracas,Barracas,3,estrenar,2025-T2,2565.109715552272,True,IDECBA sobre avisos de Argenprop,2026-09-28
barracas,Barracas,3,estrenar,2025-T3,2641.399062866068,True,IDECBA sobre avisos de Argenprop,2026-09-28
barracas,Barracas,3,estrenar,2025-T4,2625.5191588785046,True,IDECBA sobre avisos de Argenprop,2026-09-28
barracas,Barracas,3,estrenar,2026-T1,2667.6482371794873,True,IDECBA sobre avisos de Argenprop,2026-09-28
barracas,Barracas,3,estrenar,2026-T2,,True,IDECBA sobre avisos de Argenprop,2026-09-28
belgrano,Belgrano,3,estrenar,2024-T3,3796.0796472607553,False,IDECBA sobre avisos de Argenprop,2026-09-28
belgrano,Belgrano,3,estrenar,2024-T4,3676.3933800783666,False,IDECBA sobre avisos de Argenprop,2026-09-28
belgrano,Belgrano,3,estrenar,2025-T1,3573.845989215243,True,IDECBA sobre avisos de Argenprop,2026-09-28
belgrano,Belgrano,3,estrenar,2025-T2,3749.8393194706996,True,IDECBA sobre avisos de Argenprop,2026-09-28
belgrano,Belgrano,3,estrenar,2025-T3,3736.4431233030614,True,IDECBA sobre avisos de Argenprop,2026-09-28
belgrano,Belgrano,3,estrenar,2025-T4,3724.3673489470575,True,IDECBA sobre avisos de Argenprop,2026-09-28
belgrano,Belgrano,3,estrenar,2026-T1,4044.5092091569973,True,IDECBA sobre avisos de Argenprop,2026-09-28
belgrano,Belgrano,3,estrenar,2026-T2,3995.0917835577898,True,IDECBA sobre avisos de Argenprop,2026-09-28
la boca,Boca,3,estrenar,2024-T3,,False,IDECBA sobre avisos de Argenprop,2026-09-28
la boca,Boca,3,estrenar,2024-T4,,False,IDECBA sobre avisos de Argenprop,2026-09-28
la boca,Boca,3,estrenar,2025-T1,,True,IDECBA sobre avisos de Argenprop,2026-09-28
la boca,Boca,3,estrenar,2025-T2,,True,IDECBA sobre avisos de Argenprop,2026-09-28
la boca,Boca,3,estrenar,2025-T3,,True,IDECBA sobre avisos de Argenprop,2026-09-28
la boca,Boca,3,estrenar,2025-T4,,True,IDECBA sobre avisos de Argenprop,2026-09-28
la boca,Boca,3,estrenar,2026-T1,,True,IDECBA sobre avisos de Argenprop,2026-09-28
la boca,Boca,3,estrenar,2026-T2,,True,IDECBA sobre avisos de Argenprop,2026-09-28
boedo,Boedo,3,estrenar,2024-T3,,False,IDECBA sobre avisos de Argenprop,2026-09-28
boedo,Boedo,3,estrenar,2024-T4,,False,IDECBA sobre avisos de Argenprop,2026-09-28
boedo,Boedo,3,estrenar,2025-T1,2497.5328895479065,True,IDECBA sobre avisos de Argenprop,2026-09-28
boedo,Boedo,3,estrenar,2025-T2,2538.457641921397,True,IDECBA sobre avisos de Argenprop,2026-09-28
boedo,Boedo,3,estrenar,2025-T3,,True,IDECBA sobre avisos de Argenprop,2026-09-28
boedo,Boedo,3,estrenar,2025-T4,,True,IDECBA sobre avisos de Argenprop,2026-09-28
boedo,Boedo,3,estrenar,2026-T1,,True,IDECBA sobre avisos de Argenprop,2026-09-28
boedo,Boedo,3,estrenar,2026-T2,,True,IDECBA sobre avisos de Argenprop,2026-09-28
caballito,Caballito,3,estrenar,2024-T3,2905.404806064027,False,IDECBA sobre avisos de Argenprop,2026-09-28
caballito,Caballito,3,estrenar,2024-T4,3021.783476060724,False,IDECBA sobre avisos de Argenprop,2026-09-28
caballito,Caballito,3,estrenar,2025-T1,3034.9344444211797,True,IDECBA sobre avisos de Argenprop,2026-09-28
caballito,Caballito,3,estrenar,2025-T2,3061.924849344204,True,IDECBA sobre avisos de Argenprop,2026-09-28
caballito,Caballito,3,estrenar,2025-T3,3198.9816279255533,True,IDECBA sobre avisos de Argenprop,2026-09-28
caballito,Caballito,3,estrenar,2025-T4,3160.3679764243616,True,IDECBA sobre avisos de Argenprop,2026-09-28
caballito,Caballito,3,estrenar,2026-T1,3231.2223457398727,True,IDECBA sobre avisos de Argenprop,2026-09-28
caballito,Caballito,3,estrenar,2026-T2,3250.5791054644533,True,IDECBA sobre avisos de Argenprop,2026-09-28
chacarita,Chacarita,3,estrenar,2024-T3,2984.957357075914,False,IDECBA sobre avisos de Argenprop,2026-09-28
chacarita,Chacarita,3,estrenar,2024-T4,3064.169491525424,False,IDECBA sobre avisos de Argenprop,2026-09-28
chacarita,Chacarita,3,estrenar,2025-T1,3032.7311797149205,True,IDECBA sobre avisos de Argenprop,2026-09-28
chacarita,Chacarita,3,estrenar,2025-T2,2933.769185185185,True,IDECBA sobre avisos de Argenprop,2026-09-28
chacarita,Chacarita,3,estrenar,2025-T3,2985.1917808219177,True,IDECBA sobre avisos de Argenprop,2026-09-28
chacarita,Chacarita,3,estrenar,2025-T4,3172.824512534819,True,IDECBA sobre avisos de Argenprop,2026-09-28
chacarita,Chacarita,3,estrenar,2026-T1,3193.3956834532373,True,IDECBA sobre avisos de Argenprop,2026-09-28
chacarita,Chacarita,3,estrenar,2026-T2,,True,IDECBA sobre avisos de Argenprop,2026-09-28
coghlan,Coghlan,3,estrenar,2024-T3,,False,IDECBA sobre avisos de Argenprop,2026-09-28
coghlan,Coghlan,3,estrenar,2024-T4,,False,IDECBA sobre avisos de Argenprop,2026-09-28
coghlan,Coghlan,3,estrenar,2025-T1,,True,IDECBA sobre avisos de Argenprop,2026-09-28
coghlan,Coghlan,3,estrenar,2025-T2,,True,IDECBA sobre avisos de Argenprop,2026-09-28
coghlan,Coghlan,3,estrenar,2025-T3,,True,IDECBA sobre avisos de Argenprop,2026-09-28
coghlan,Coghlan,3,estrenar,2025-T4,3308.8368421052633,True,IDECBA sobre avisos de Argenprop,2026-09-28
coghlan,Coghlan,3,estrenar,2026-T1,,True,IDECBA sobre avisos de Argenprop,2026-09-28
coghlan,Coghlan,3,estrenar,2026-T2,,True,IDECBA sobre avisos de Argenprop,2026-09-28
colegiales,Colegiales,3,estrenar,2024-T3,3220.637797810689,False,IDECBA sobre avisos de Argenprop,2026-09-28
colegiales,Colegiales,3,estrenar,2024-T4,3351.780480101074,False,IDECBA sobre avisos de Argenprop,2026-09-28
colegiales,Colegiales,3,estrenar,2025-T1,3334.9970412436865,True,IDECBA sobre avisos de Argenprop,2026-09-28
colegiales,Colegiales,3,estrenar,2025-T2,3501.224880382775,True,IDECBA sobre avisos de Argenprop,2026-09-28
colegiales,Colegiales,3,estrenar,2025-T3,3458.249860413177,True,IDECBA sobre avisos de Argenprop,2026-09-28
colegiales,Colegiales,3,estrenar,2025-T4,3557.2032608695654,True,IDECBA sobre avisos de Argenprop,2026-09-28
colegiales,Colegiales,3,estrenar,2026-T1,3564.352804730635,True,IDECBA sobre avisos de Argenprop,2026-09-28
colegiales,Colegiales,3,estrenar,2026-T2,3646.853865897531,True,IDECBA sobre avisos de Argenprop,2026-09-28
constitucion,Constitución,3,estrenar,2024-T3,,False,IDECBA sobre avisos de Argenprop,2026-09-28
constitucion,Constitución,3,estrenar,2024-T4,,False,IDECBA sobre avisos de Argenprop,2026-09-28
constitucion,Constitución,3,estrenar,2025-T1,,True,IDECBA sobre avisos de Argenprop,2026-09-28
constitucion,Constitución,3,estrenar,2025-T2,,True,IDECBA sobre avisos de Argenprop,2026-09-28
constitucion,Constitución,3,estrenar,2025-T3,,True,IDECBA sobre avisos de Argenprop,2026-09-28
constitucion,Constitución,3,estrenar,2025-T4,,True,IDECBA sobre avisos de Argenprop,2026-09-28
constitucion,Constitución,3,estrenar,2026-T1,,True,IDECBA sobre avisos de Argenprop,2026-09-28
constitucion,Constitución,3,estrenar,2026-T2,,True,IDECBA sobre avisos de Argenprop,2026-09-28
flores,Flores,3,estrenar,2024-T3,2547.7448486769217,False,IDECBA sobre avisos de Argenprop,2026-09-28
flores,Flores,3,estrenar,2024-T4,2577.542047669015,False,IDECBA sobre avisos de Argenprop,2026-09-28
flores,Flores,3,estrenar,2025-T1,2653.3983130623183,True,IDECBA sobre avisos de Argenprop,2026-09-28
flores,Flores,3,estrenar,2025-T2,2693.5476749647723,True,IDECBA sobre avisos de Argenprop,2026-09-28
flores,Flores,3,estrenar,2025-T3,2767.5984251968503,True,IDECBA sobre avisos de Argenprop,2026-09-28
flores,Flores,3,estrenar,2025-T4,2854.664977031522,True,IDECBA sobre avisos de Argenprop,2026-09-28
flores,Flores,3,estrenar,2026-T1,2779.8338197738053,True,IDECBA sobre avisos de Argenprop,2026-09-28
flores,Flores,3,estrenar,2026-T2,2773.4761950411353,True,IDECBA sobre avisos de Argenprop,2026-09-28
floresta,Floresta,3,estrenar,2024-T3,,False,IDECBA sobre avisos de Argenprop,2026-09-28
floresta,Floresta,3,estrenar,2024-T4,,False,IDECBA sobre avisos de Argenprop,2026-09-28
floresta,Floresta,3,estrenar,2025-T1,,True,IDECBA sobre avisos de Argenprop,2026-09-28
floresta,Floresta,3,estrenar,2025-T2,,True,IDECBA sobre avisos de Argenprop,2026-09-28
floresta,Floresta,3,estrenar,2025-T3,,True,IDECBA sobre avisos de Argenprop,2026-09-28
floresta,Floresta,3,estrenar,2025-T4,,True,IDECBA sobre avisos de Argenprop,2026-09-28
floresta,Floresta,3,estrenar,2026-T1,,True,IDECBA sobre avisos de Argenprop,2026-09-28
floresta,Floresta,3,estrenar,2026-T2,,True,IDECBA sobre avisos de Argenprop,2026-09-28
la paternal,La Paternal,3,estrenar,2024-T3,,False,IDECBA sobre avisos de Argenprop,2026-09-28
la paternal,La Paternal,3,estrenar,2024-T4,,False,IDECBA sobre avisos de Argenprop,2026-09-28
la paternal,La Paternal,3,estrenar,2025-T1,,True,IDECBA sobre avisos de Argenprop,2026-09-28
la paternal,La Paternal,3,estrenar,2025-T2,,True,IDECBA sobre avisos de Argenprop,2026-09-28
la paternal,La Paternal,3,estrenar,2025-T3,,True,IDECBA sobre avisos de Argenprop,2026-09-28
la paternal,La Paternal,3,estrenar,2025-T4,,True,IDECBA sobre avisos de Argenprop,2026-09-28
la paternal,La Paternal,3,estrenar,2026-T1,,True,IDECBA sobre avisos de Argenprop,2026-09-28
la paternal,La Paternal,3,estrenar,2026-T2,,True,IDECBA sobre avisos de Argenprop,2026-09-28
liniers,Liniers,3,estrenar,2024-T3,2432.839766348106,False,IDECBA sobre avisos de Argenprop,2026-09-28
liniers,Liniers,3,estrenar,2024-T4,2371.237840930765,False,IDECBA sobre avisos de Argenprop,2026-09-28
liniers,Liniers,3,estrenar,2025-T1,2468.6775351137844,True,IDECBA sobre avisos de Argenprop,2026-09-28
liniers,Liniers,3,estrenar,2025-T2,2534.8270611268217,True,IDECBA sobre avisos de Argenprop,2026-09-28
liniers,Liniers,3,estrenar,2025-T3,2593.8580040187544,True,IDECBA sobre avisos de Argenprop,2026-09-28
liniers,Liniers,3,estrenar,2025-T4,2702.866806624679,True,IDECBA sobre avisos de Argenprop,2026-09-28
liniers,Liniers,3,estrenar,2026-T1,2754.946408025676,True,IDECBA sobre avisos de Argenprop,2026-09-28
liniers,Liniers,3,estrenar,2026-T2,2760.166910370281,True,IDECBA sobre avisos de Argenprop,2026-09-28
mataderos,Mataderos,3,estrenar,2024-T3,2227.9045492603964,False,IDECBA sobre avisos de Argenprop,2026-09-28
mataderos,Mataderos,3,estrenar,2024-T4,2336.96246898263,False,IDECBA sobre avisos de Argenprop,2026-09-28
mataderos,Mataderos,3,estrenar,2025-T1,2285.3786784361455,True,IDECBA sobre avisos de Argenprop,2026-09-28
mataderos,Mataderos,3,estrenar,2025-T2,2421.191410588671,True,IDECBA sobre avisos de Argenprop,2026-09-28
mataderos,Mataderos,3,estrenar,2025-T3,2534.697421638018,True,IDECBA sobre avisos de Argenprop,2026-09-28
mataderos,Mataderos,3,estrenar,2025-T4,2601.6694736842105,True,IDECBA sobre avisos de Argenprop,2026-09-28
mataderos,Mataderos,3,estrenar,2026-T1,2573.044099934948,True,IDECBA sobre avisos de Argenprop,2026-09-28
mataderos,Mataderos,3,estrenar,2026-T2,2776.706885588469,True,IDECBA sobre avisos de Argenprop,2026-09-28
monte castro,Monte Castro,3,estrenar,2024-T3,,False,IDECBA sobre avisos de Argenprop,2026-09-28
monte castro,Monte Castro,3,estrenar,2024-T4,,False,IDECBA sobre avisos de Argenprop,2026-09-28
monte castro,Monte Castro,3,estrenar,2025-T1,,True,IDECBA sobre avisos de Argenprop,2026-09-28
monte castro,Monte Castro,3,estrenar,2025-T2,,True,IDECBA sobre avisos de Argenprop,2026-09-28
monte castro,Monte Castro,3,estrenar,2025-T3,,True,IDECBA sobre avisos de Argenprop,2026-09-28
monte castro,Monte Castro,3,estrenar,2025-T4,,True,IDECBA sobre avisos de Argenprop,2026-09-28
monte castro,Monte Castro,3,estrenar,2026-T1,,True,IDECBA sobre avisos de Argenprop,2026-09-28
monte castro,Monte Castro,3,estrenar,2026-T2,2564.9279389600606,True,IDECBA sobre avisos de Argenprop,2026-09-28
monserrat,Montserrat,3,estrenar,2024-T3,,False,IDECBA sobre avisos de Argenprop,2026-09-28
monserrat,Montserrat,3,estrenar,2024-T4,,False,IDECBA sobre avisos de Argenprop,2026-09-28
monserrat,Montserrat,3,estrenar,2025-T1,,True,IDECBA sobre avisos de Argenprop,2026-09-28
monserrat,Montserrat,3,estrenar,2025-T2,,True,IDECBA sobre avisos de Argenprop,2026-09-28
monserrat,Montserrat,3,estrenar,2025-T3,,True,IDECBA sobre avisos de Argenprop,2026-09-28
monserrat,Montserrat,3,estrenar,2025-T4,,True,IDECBA sobre avisos de Argenprop,2026-09-28
monserrat,Montserrat,3,estrenar,2026-T1,,True,IDECBA sobre avisos de Argenprop,2026-09-28
monserrat,Montserrat,3,estrenar,2026-T2,,True,IDECBA sobre avisos de Argenprop,2026-09-28
nueva pompeya,Nueva Pompeya,3,estrenar,2024-T3,,False,IDECBA sobre avisos de Argenprop,2026-09-28
nueva pompeya,Nueva Pompeya,3,estrenar,2024-T4,,False,IDECBA sobre avisos de Argenprop,2026-09-28
nueva pompeya,Nueva Pompeya,3,estrenar,2025-T1,,True,IDECBA sobre avisos de Argenprop,2026-09-28
nueva pompeya,Nueva Pompeya,3,estrenar,2025-T2,,True,IDECBA sobre avisos de Argenprop,2026-09-28
nueva pompeya,Nueva Pompeya,3,estrenar,2025-T3,,True,IDECBA sobre avisos de Argenprop,2026-09-28
nueva pompeya,Nueva Pompeya,3,estrenar,2025-T4,,True,IDECBA sobre avisos de Argenprop,2026-09-28
nueva pompeya,Nueva Pompeya,3,estrenar,2026-T1,,True,IDECBA sobre avisos de Argenprop,2026-09-28
nueva pompeya,Nueva Pompeya,3,estrenar,2026-T2,,True,IDECBA sobre avisos de Argenprop,2026-09-28
nunez,Núñez,3,estrenar,2024-T3,3279.776814343133,False,IDECBA sobre avisos de Argenprop,2026-09-28
nunez,Núñez,3,estrenar,2024-T4,3374.647489029742,False,IDECBA sobre avisos de Argenprop,2026-09-28
nunez,Núñez,3,estrenar,2025-T1,3578.164787431237,True,IDECBA sobre avisos de Argenprop,2026-09-28
nunez,Núñez,3,estrenar,2025-T2,3705.1505939902167,True,IDECBA sobre avisos de Argenprop,2026-09-28
nunez,Núñez,3,estrenar,2025-T3,3959.2756962025314,True,IDECBA sobre avisos de Argenprop,2026-09-28
nunez,Núñez,3,estrenar,2025-T4,4040.684052946738,True,IDECBA sobre avisos de Argenprop,2026-09-28
nunez,Núñez,3,estrenar,2026-T1,4064.9950607312603,True,IDECBA sobre avisos de Argenprop,2026-09-28
nunez,Núñez,3,estrenar,2026-T2,3745.5198038398753,True,IDECBA sobre avisos de Argenprop,2026-09-28
palermo,Palermo,3,estrenar,2024-T3,3991.858697738177,False,IDECBA sobre avisos de Argenprop,2026-09-28
palermo,Palermo,3,estrenar,2024-T4,3915.7421657821583,False,IDECBA sobre avisos de Argenprop,2026-09-28
palermo,Palermo,3,estrenar,2025-T1,3851.4619586458725,True,IDECBA sobre avisos de Argenprop,2026-09-28
palermo,Palermo,3,estrenar,2025-T2,4124.232968001322,True,IDECBA sobre avisos de Argenprop,2026-09-28
palermo,Palermo,3,estrenar,2025-T3,4204.884144740297,True,IDECBA sobre avisos de Argenprop,2026-09-28
palermo,Palermo,3,estrenar,2025-T4,4236.2470272545515,True,IDECBA sobre avisos de Argenprop,2026-09-28
palermo,Palermo,3,estrenar,2026-T1,4219.760714523763,True,IDECBA sobre avisos de Argenprop,2026-09-28
palermo,Palermo,3,estrenar,2026-T2,4173.831398789851,True,IDECBA sobre avisos de Argenprop,2026-09-28
parque avellaneda,Parque Avellaneda,3,estrenar,2024-T3,,False,IDECBA sobre avisos de Argenprop,2026-09-28
parque avellaneda,Parque Avellaneda,3,estrenar,2024-T4,,False,IDECBA sobre avisos de Argenprop,2026-09-28
parque avellaneda,Parque Avellaneda,3,estrenar,2025-T1,,True,IDECBA sobre avisos de Argenprop,2026-09-28
parque avellaneda,Parque Avellaneda,3,estrenar,2025-T2,,True,IDECBA sobre avisos de Argenprop,2026-09-28
parque avellaneda,Parque Avellaneda,3,estrenar,2025-T3,,True,IDECBA sobre avisos de Argenprop,2026-09-28
parque avellaneda,Parque Avellaneda,3,estrenar,2025-T4,,True,IDECBA sobre avisos de Argenprop,2026-09-28
parque avellaneda,Parque Avellaneda,3,estrenar,2026-T1,,True,IDECBA sobre avisos de Argenprop,2026-09-28
parque avellaneda,Parque Avellaneda,3,estrenar,2026-T2,,True,IDECBA sobre avisos de Argenprop,2026-09-28
parque chacabuco,Parque Chacabuco,3,estrenar,2024-T3,,False,IDECBA sobre avisos de Argenprop,2026-09-28
parque chacabuco,Parque Chacabuco,3,estrenar,2024-T4,,False,IDECBA sobre avisos de Argenprop,2026-09-28
parque chacabuco,Parque Chacabuco,3,estrenar,2025-T1,,True,IDECBA sobre avisos de Argenprop,2026-09-28
parque chacabuco,Parque Chacabuco,3,estrenar,2025-T2,2865.888540031397,True,IDECBA sobre avisos de Argenprop,2026-09-28
parque chacabuco,Parque Chacabuco,3,estrenar,2025-T3,,True,IDECBA sobre avisos de Argenprop,2026-09-28
parque chacabuco,Parque Chacabuco,3,estrenar,2025-T4,,True,IDECBA sobre avisos de Argenprop,2026-09-28
parque chacabuco,Parque Chacabuco,3,estrenar,2026-T1,,True,IDECBA sobre avisos de Argenprop,2026-09-28
parque chacabuco,Parque Chacabuco,3,estrenar,2026-T2,,True,IDECBA sobre avisos de Argenprop,2026-09-28
parque chas,Parque Chas,3,estrenar,2024-T3,,False,IDECBA sobre avisos de Argenprop,2026-09-28
parque chas,Parque Chas,3,estrenar,2024-T4,,False,IDECBA sobre avisos de Argenprop,2026-09-28
parque chas,Parque Chas,3,estrenar,2025-T1,,True,IDECBA sobre avisos de Argenprop,2026-09-28
parque chas,Parque Chas,3,estrenar,2025-T2,,True,IDECBA sobre avisos de Argenprop,2026-09-28
parque chas,Parque Chas,3,estrenar,2025-T3,,True,IDECBA sobre avisos de Argenprop,2026-09-28
parque chas,Parque Chas,3,estrenar,2025-T4,,True,IDECBA sobre avisos de Argenprop,2026-09-28
parque chas,Parque Chas,3,estrenar,2026-T1,,True,IDECBA sobre avisos de Argenprop,2026-09-28
parque chas,Parque Chas,3,estrenar,2026-T2,,True,IDECBA sobre avisos de Argenprop,2026-09-28
parque patricios,Parque Patricios,3,estrenar,2024-T3,,False,IDECBA sobre avisos de Argenprop,2026-09-28
parque patricios,Parque Patricios,3,estrenar,2024-T4,,False,IDECBA sobre avisos de Argenprop,2026-09-28
parque patricios,Parque Patricios,3,estrenar,2025-T1,,True,IDECBA sobre avisos de Argenprop,2026-09-28
parque patricios,Parque Patricios,3,estrenar,2025-T2,,True,IDECBA sobre avisos de Argenprop,2026-09-28
parque patricios,Parque Patricios,3,estrenar,2025-T3,,True,IDECBA sobre avisos de Argenprop,2026-09-28
parque patricios,Parque Patricios,3,estrenar,2025-T4,,True,IDECBA sobre avisos de Argenprop,2026-09-28
parque patricios,Parque Patricios,3,estrenar,2026-T1,,True,IDECBA sobre avisos de Argenprop,2026-09-28
parque patricios,Parque Patricios,3,estrenar,2026-T2,,True,IDECBA sobre avisos de Argenprop,2026-09-28
puerto madero,Puerto Madero,3,estrenar,2024-T3,,False,IDECBA sobre avisos de Argenprop,2026-09-28
puerto madero,Puerto Madero,3,estrenar,2024-T4,,False,IDECBA sobre avisos de Argenprop,2026-09-28
puerto madero,Puerto Madero,3,estrenar,2025-T1,,True,IDECBA sobre avisos de Argenprop,2026-09-28
puerto madero,Puerto Madero,3,estrenar,2025-T2,5973.858993522671,True,IDECBA sobre avisos de Argenprop,2026-09-28
puerto madero,Puerto Madero,3,estrenar,2025-T3,6304.675135668475,True,IDECBA sobre avisos de Argenprop,2026-09-28
puerto madero,Puerto Madero,3,estrenar,2025-T4,6323.478625072213,True,IDECBA sobre avisos de Argenprop,2026-09-28
puerto madero,Puerto Madero,3,estrenar,2026-T1,6155.402729528536,True,IDECBA sobre avisos de Argenprop,2026-09-28
puerto madero,Puerto Madero,3,estrenar,2026-T2,,True,IDECBA sobre avisos de Argenprop,2026-09-28
recoleta,Recoleta,3,estrenar,2024-T3,3489.814413565709,False,IDECBA sobre avisos de Argenprop,2026-09-28
recoleta,Recoleta,3,estrenar,2024-T4,3401.565067585476,False,IDECBA sobre avisos de Argenprop,2026-09-28
recoleta,Recoleta,3,estrenar,2025-T1,3402.9856699356487,True,IDECBA sobre avisos de Argenprop,2026-09-28
recoleta,Recoleta,3,estrenar,2025-T2,3263.7838060686017,True,IDECBA sobre avisos de Argenprop,2026-09-28
recoleta,Recoleta,3,estrenar,2025-T3,3576.324875151842,True,IDECBA sobre avisos de Argenprop,2026-09-28
recoleta,Recoleta,3,estrenar,2025-T4,3348.4944261265505,True,IDECBA sobre avisos de Argenprop,2026-09-28
recoleta,Recoleta,3,estrenar,2026-T1,3481.158965965139,True,IDECBA sobre avisos de Argenprop,2026-09-28
recoleta,Recoleta,3,estrenar,2026-T2,3456.5928979981545,True,IDECBA sobre avisos de Argenprop,2026-09-28
retiro,Retiro,3,estrenar,2024-T3,,False,IDECBA sobre avisos de Argenprop,2026-09-28
retiro,Retiro,3,estrenar,2024-T4,,False,IDECBA sobre avisos de Argenprop,2026-09-28
retiro,Retiro,3,estrenar,2025-T1,,True,IDECBA sobre avisos de Argenprop,2026-09-28
retiro,Retiro,3,estrenar,2025-T2,,True,IDECBA sobre avisos de Argenprop,2026-09-28
retiro,Retiro,3,estrenar,2025-T3,,True,IDECBA sobre avisos de Argenprop,2026-09-28
retiro,Retiro,3,estrenar,2025-T4,,True,IDECBA sobre avisos de Argenprop,2026-09-28
retiro,Retiro,3,estrenar,2026-T1,,True,IDECBA sobre avisos de Argenprop,2026-09-28
retiro,Retiro,3,estrenar,2026-T2,,True,IDECBA sobre avisos de Argenprop,2026-09-28
saavedra,Saavedra,3,estrenar,2024-T3,2785.346835443038,False,IDECBA sobre avisos de Argenprop,2026-09-28
saavedra,Saavedra,3,estrenar,2024-T4,2788.6432641432643,False,IDECBA sobre avisos de Argenprop,2026-09-28
saavedra,Saavedra,3,estrenar,2025-T1,2933.0419391820606,True,IDECBA sobre avisos de Argenprop,2026-09-28
saavedra,Saavedra,3,estrenar,2025-T2,2943.299520069808,True,IDECBA sobre avisos de Argenprop,2026-09-28
saavedra,Saavedra,3,estrenar,2025-T3,3138.7146987951805,True,IDECBA sobre avisos de Argenprop,2026-09-28
saavedra,Saavedra,3,estrenar,2025-T4,3358.6258843830888,True,IDECBA sobre avisos de Argenprop,2026-09-28
saavedra,Saavedra,3,estrenar,2026-T1,3428.1906613148885,True,IDECBA sobre avisos de Argenprop,2026-09-28
saavedra,Saavedra,3,estrenar,2026-T2,3138.745419013286,True,IDECBA sobre avisos de Argenprop,2026-09-28
san cristobal,San Cristóbal,3,estrenar,2024-T3,,False,IDECBA sobre avisos de Argenprop,2026-09-28
san cristobal,San Cristóbal,3,estrenar,2024-T4,,False,IDECBA sobre avisos de Argenprop,2026-09-28
san cristobal,San Cristóbal,3,estrenar,2025-T1,,True,IDECBA sobre avisos de Argenprop,2026-09-28
san cristobal,San Cristóbal,3,estrenar,2025-T2,,True,IDECBA sobre avisos de Argenprop,2026-09-28
san cristobal,San Cristóbal,3,estrenar,2025-T3,,True,IDECBA sobre avisos de Argenprop,2026-09-28
san cristobal,San Cristóbal,3,estrenar,2025-T4,,True,IDECBA sobre avisos de Argenprop,2026-09-28
san cristobal,San Cristóbal,3,estrenar,2026-T1,,True,IDECBA sobre avisos de Argenprop,2026-09-28
san cristobal,San Cristóbal,3,estrenar,2026-T2,,True,IDECBA sobre avisos de Argenprop,2026-09-28
san nicolas,San Nicolás,3,estrenar,2024-T3,,False,IDECBA sobre avisos de Argenprop,2026-09-28
san nicolas,San Nicolás,3,estrenar,2024-T4,,False,IDECBA sobre avisos de Argenprop,2026-09-28
san nicolas,San Nicolás,3,estrenar,2025-T1,,True,IDECBA sobre avisos de Argenprop,2026-09-28
san nicolas,San Nicolás,3,estrenar,2025-T2,,True,IDECBA sobre avisos de Argenprop,2026-09-28
san nicolas,San Nicolás,3,estrenar,2025-T3,,True,IDECBA sobre avisos de Argenprop,2026-09-28
san nicolas,San Nicolás,3,estrenar,2025-T4,,True,IDECBA sobre avisos de Argenprop,2026-09-28
san nicolas,San Nicolás,3,estrenar,2026-T1,,True,IDECBA sobre avisos de Argenprop,2026-09-28
san nicolas,San Nicolás,3,estrenar,2026-T2,,True,IDECBA sobre avisos de Argenprop,2026-09-28
san telmo,San Telmo,3,estrenar,2024-T3,,False,IDECBA sobre avisos de Argenprop,2026-09-28
san telmo,San Telmo,3,estrenar,2024-T4,,False,IDECBA sobre avisos de Argenprop,2026-09-28
san telmo,San Telmo,3,estrenar,2025-T1,,True,IDECBA sobre avisos de Argenprop,2026-09-28
san telmo,San Telmo,3,estrenar,2025-T2,,True,IDECBA sobre avisos de Argenprop,2026-09-28
san telmo,San Telmo,3,estrenar,2025-T3,,True,IDECBA sobre avisos de Argenprop,2026-09-28
san telmo,San Telmo,3,estrenar,2025-T4,,True,IDECBA sobre avisos de Argenprop,2026-09-28
san telmo,San Telmo,3,estrenar,2026-T1,,True,IDECBA sobre avisos de Argenprop,2026-09-28
san telmo,San Telmo,3,estrenar,2026-T2,,True,IDECBA sobre avisos de Argenprop,2026-09-28
velez sarsfield,Vélez Sarsfield,3,estrenar,2024-T3,,False,IDECBA sobre avisos de Argenprop,2026-09-28
velez sarsfield,Vélez Sarsfield,3,estrenar,2024-T4,,False,IDECBA sobre avisos de Argenprop,2026-09-28
velez sarsfield,Vélez Sarsfield,3,estrenar,2025-T1,,True,IDECBA sobre avisos de Argenprop,2026-09-28
velez sarsfield,Vélez Sarsfield,3,estrenar,2025-T2,,True,IDECBA sobre avisos de Argenprop,2026-09-28
velez sarsfield,Vélez Sarsfield,3,estrenar,2025-T3,,True,IDECBA sobre avisos de Argenprop,2026-09-28
velez sarsfield,Vélez Sarsfield,3,estrenar,2025-T4,,True,IDECBA sobre avisos de Argenprop,2026-09-28
velez sarsfield,Vélez Sarsfield,3,estrenar,2026-T1,,True,IDECBA sobre avisos de Argenprop,2026-09-28
velez sarsfield,Vélez Sarsfield,3,estrenar,2026-T2,,True,IDECBA sobre avisos de Argenprop,2026-09-28
versalles,Versalles,3,estrenar,2024-T3,,False,IDECBA sobre avisos de Argenprop,2026-09-28
versalles,Versalles,3,estrenar,2024-T4,,False,IDECBA sobre avisos de Argenprop,2026-09-28
versalles,Versalles,3,estrenar,2025-T1,,True,IDECBA sobre avisos de Argenprop,2026-09-28
versalles,Versalles,3,estrenar,2025-T2,,True,IDECBA sobre avisos de Argenprop,2026-09-28
versalles,Versalles,3,estrenar,2025-T3,,True,IDECBA sobre avisos de Argenprop,2026-09-28
versalles,Versalles,3,estrenar,2025-T4,,True,IDECBA sobre avisos de Argenprop,2026-09-28
versalles,Versalles,3,estrenar,2026-T1,,True,IDECBA sobre avisos de Argenprop,2026-09-28
versalles,Versalles,3,estrenar,2026-T2,,True,IDECBA sobre avisos de Argenprop,2026-09-28
villa crespo,Villa Crespo,3,estrenar,2024-T3,2892.5815934153243,False,IDECBA sobre avisos de Argenprop,2026-09-28
villa crespo,Villa Crespo,3,estrenar,2024-T4,2770.6495304003956,False,IDECBA sobre avisos de Argenprop,2026-09-28
villa crespo,Villa Crespo,3,estrenar,2025-T1,2905.9020314958016,True,IDECBA sobre avisos de Argenprop,2026-09-28
villa crespo,Villa Crespo,3,estrenar,2025-T2,2991.5533386967013,True,IDECBA sobre avisos de Argenprop,2026-09-28
villa crespo,Villa Crespo,3,estrenar,2025-T3,3094.3679186031904,True,IDECBA sobre avisos de Argenprop,2026-09-28
villa crespo,Villa Crespo,3,estrenar,2025-T4,3033.2774371551195,True,IDECBA sobre avisos de Argenprop,2026-09-28
villa crespo,Villa Crespo,3,estrenar,2026-T1,3107.1487874153377,True,IDECBA sobre avisos de Argenprop,2026-09-28
villa crespo,Villa Crespo,3,estrenar,2026-T2,3135.2839800001298,True,IDECBA sobre avisos de Argenprop,2026-09-28
villa del parque,Villa del Parque,3,estrenar,2024-T3,2502.457832787283,False,IDECBA sobre avisos de Argenprop,2026-09-28
villa del parque,Villa del Parque,3,estrenar,2024-T4,2519.4020530367834,False,IDECBA sobre avisos de Argenprop,2026-09-28
villa del parque,Villa del Parque,3,estrenar,2025-T1,2560.2414626939944,True,IDECBA sobre avisos de Argenprop,2026-09-28
villa del parque,Villa del Parque,3,estrenar,2025-T2,2960.5823190262654,True,IDECBA sobre avisos de Argenprop,2026-09-28
villa del parque,Villa del Parque,3,estrenar,2025-T3,2725.5882780334223,True,IDECBA sobre avisos de Argenprop,2026-09-28
villa del parque,Villa del Parque,3,estrenar,2025-T4,2928.9654343252178,True,IDECBA sobre avisos de Argenprop,2026-09-28
villa del parque,Villa del Parque,3,estrenar,2026-T1,3160.984056207336,True,IDECBA sobre avisos de Argenprop,2026-09-28
villa del parque,Villa del Parque,3,estrenar,2026-T2,3074.7905943114447,True,IDECBA sobre avisos de Argenprop,2026-09-28
villa devoto,Villa Devoto,3,estrenar,2024-T3,3027.569783189502,False,IDECBA sobre avisos de Argenprop,2026-09-28
villa devoto,Villa Devoto,3,estrenar,2024-T4,3145.3875149798455,False,IDECBA sobre avisos de Argenprop,2026-09-28
villa devoto,Villa Devoto,3,estrenar,2025-T1,3216.090128968927,True,IDECBA sobre avisos de Argenprop,2026-09-28
villa devoto,Villa Devoto,3,estrenar,2025-T2,3450.362432515025,True,IDECBA sobre avisos de Argenprop,2026-09-28
villa devoto,Villa Devoto,3,estrenar,2025-T3,3435.672090909091,True,IDECBA sobre avisos de Argenprop,2026-09-28
villa devoto,Villa Devoto,3,estrenar,2025-T4,3469.964197530864,True,IDECBA sobre avisos de Argenprop,2026-09-28
villa devoto,Villa Devoto,3,estrenar,2026-T1,3414.720269222108,True,IDECBA sobre avisos de Argenprop,2026-09-28
villa devoto,Villa Devoto,3,estrenar,2026-T2,3276.1399697243064,True,IDECBA sobre avisos de Argenprop,2026-09-28
villa gral. mitre,Villa Gral. Mitre,3,estrenar,2024-T3,,False,IDECBA sobre avisos de Argenprop,2026-09-28
villa gral. mitre,Villa Gral. Mitre,3,estrenar,2024-T4,,False,IDECBA sobre avisos de Argenprop,2026-09-28
villa gral. mitre,Villa Gral. Mitre,3,estrenar,2025-T1,,True,IDECBA sobre avisos de Argenprop,2026-09-28
villa gral. mitre,Villa Gral. Mitre,3,estrenar,2025-T2,,True,IDECBA sobre avisos de Argenprop,2026-09-28
villa gral. mitre,Villa Gral. Mitre,3,estrenar,2025-T3,,True,IDECBA sobre avisos de Argenprop,2026-09-28
villa gral. mitre,Villa Gral. Mitre,3,estrenar,2025-T4,,True,IDECBA sobre avisos de Argenprop,2026-09-28
villa gral. mitre,Villa Gral. Mitre,3,estrenar,2026-T1,,True,IDECBA sobre avisos de Argenprop,2026-09-28
villa gral. mitre,Villa Gral. Mitre,3,estrenar,2026-T2,,True,IDECBA sobre avisos de Argenprop,2026-09-28
villa lugano,Villa Lugano,3,estrenar,2024-T3,,False,IDECBA sobre avisos de Argenprop,2026-09-28
villa lugano,Villa Lugano,3,estrenar,2024-T4,,False,IDECBA sobre avisos de Argenprop,2026-09-28
villa lugano,Villa Lugano,3,estrenar,2025-T1,,True,IDECBA sobre avisos de Argenprop,2026-09-28
villa lugano,Villa Lugano,3,estrenar,2025-T2,,True,IDECBA sobre avisos de Argenprop,2026-09-28
villa lugano,Villa Lugano,3,estrenar,2025-T3,,True,IDECBA sobre avisos de Argenprop,2026-09-28
villa lugano,Villa Lugano,3,estrenar,2025-T4,,True,IDECBA sobre avisos de Argenprop,2026-09-28
villa lugano,Villa Lugano,3,estrenar,2026-T1,,True,IDECBA sobre avisos de Argenprop,2026-09-28
villa lugano,Villa Lugano,3,estrenar,2026-T2,,True,IDECBA sobre avisos de Argenprop,2026-09-28
villa luro,Villa Luro,3,estrenar,2024-T3,2655.708787684413,False,IDECBA sobre avisos de Argenprop,2026-09-28
villa luro,Villa Luro,3,estrenar,2024-T4,2545.7022653721683,False,IDECBA sobre avisos de Argenprop,2026-09-28
villa luro,Villa Luro,3,estrenar,2025-T1,2592.945087936853,True,IDECBA sobre avisos de Argenprop,2026-09-28
villa luro,Villa Luro,3,estrenar,2025-T2,2590.0721917412648,True,IDECBA sobre avisos de Argenprop,2026-09-28
villa luro,Villa Luro,3,estrenar,2025-T3,2658.2149292149293,True,IDECBA sobre avisos de Argenprop,2026-09-28
villa luro,Villa Luro,3,estrenar,2025-T4,2646.656346749226,True,IDECBA sobre avisos de Argenprop,2026-09-28
villa luro,Villa Luro,3,estrenar,2026-T1,2791.4036371401567,True,IDECBA sobre avisos de Argenprop,2026-09-28
villa luro,Villa Luro,3,estrenar,2026-T2,2747.3699224098586,True,IDECBA sobre avisos de Argenprop,2026-09-28
villa ortuzar,Villa Ortúzar,3,estrenar,2024-T3,,False,IDECBA sobre avisos de Argenprop,2026-09-28
villa ortuzar,Villa Ortúzar,3,estrenar,2024-T4,,False,IDECBA sobre avisos de Argenprop,2026-09-28
villa ortuzar,Villa Ortúzar,3,estrenar,2025-T1,,True,IDECBA sobre avisos de Argenprop,2026-09-28
villa ortuzar,Villa Ortúzar,3,estrenar,2025-T2,,True,IDECBA sobre avisos de Argenprop,2026-09-28
villa ortuzar,Villa Ortúzar,3,estrenar,2025-T3,,True,IDECBA sobre avisos de Argenprop,2026-09-28
villa ortuzar,Villa Ortúzar,3,estrenar,2025-T4,,True,IDECBA sobre avisos de Argenprop,2026-09-28
villa ortuzar,Villa Ortúzar,3,estrenar,2026-T1,,True,IDECBA sobre avisos de Argenprop,2026-09-28
villa ortuzar,Villa Ortúzar,3,estrenar,2026-T2,,True,IDECBA sobre avisos de Argenprop,2026-09-28
villa pueyrredon,Villa Pueyrredón,3,estrenar,2024-T3,,False,IDECBA sobre avisos de Argenprop,2026-09-28
villa pueyrredon,Villa Pueyrredón,3,estrenar,2024-T4,,False,IDECBA sobre avisos de Argenprop,2026-09-28
villa pueyrredon,Villa Pueyrredón,3,estrenar,2025-T1,,True,IDECBA sobre avisos de Argenprop,2026-09-28
villa pueyrredon,Villa Pueyrredón,3,estrenar,2025-T2,,True,IDECBA sobre avisos de Argenprop,2026-09-28
villa pueyrredon,Villa Pueyrredón,3,estrenar,2025-T3,,True,IDECBA sobre avisos de Argenprop,2026-09-28
villa pueyrredon,Villa Pueyrredón,3,estrenar,2025-T4,,True,IDECBA sobre avisos de Argenprop,2026-09-28
villa pueyrredon,Villa Pueyrredón,3,estrenar,2026-T1,,True,IDECBA sobre avisos de Argenprop,2026-09-28
villa pueyrredon,Villa Pueyrredón,3,estrenar,2026-T2,,True,IDECBA sobre avisos de Argenprop,2026-09-28
villa real,Villa Real,3,estrenar,2024-T3,,False,IDECBA sobre avisos de Argenprop,2026-09-28
villa real,Villa Real,3,estrenar,2024-T4,,False,IDECBA sobre avisos de Argenprop,2026-09-28
villa real,Villa Real,3,estrenar,2025-T1,,True,IDECBA sobre avisos de Argenprop,2026-09-28
villa real,Villa Real,3,estrenar,2025-T2,,True,IDECBA sobre avisos de Argenprop,2026-09-28
villa real,Villa Real,3,estrenar,2025-T3,,True,IDECBA sobre avisos de Argenprop,2026-09-28
villa real,Villa Real,3,estrenar,2025-T4,,True,IDECBA sobre avisos de Argenprop,2026-09-28
villa real,Villa Real,3,estrenar,2026-T1,,True,IDECBA sobre avisos de Argenprop,2026-09-28
villa real,Villa Real,3,estrenar,2026-T2,,True,IDECBA sobre avisos de Argenprop,2026-09-28
villa riachuelo,Villa Riachuelo,3,estrenar,2024-T3,,False,IDECBA sobre avisos de Argenprop,2026-09-28
villa riachuelo,Villa Riachuelo,3,estrenar,2024-T4,,False,IDECBA sobre avisos de Argenprop,2026-09-28
villa riachuelo,Villa Riachuelo,3,estrenar,2025-T1,,True,IDECBA sobre avisos de Argenprop,2026-09-28
villa riachuelo,Villa Riachuelo,3,estrenar,2025-T2,,True,IDECBA sobre avisos de Argenprop,2026-09-28
villa riachuelo,Villa Riachuelo,3,estrenar,2025-T3,,True,IDECBA sobre avisos de Argenprop,2026-09-28
villa riachuelo,Villa Riachuelo,3,estrenar,2025-T4,,True,IDECBA sobre avisos de Argenprop,2026-09-28
villa riachuelo,Villa Riachuelo,3,estrenar,2026-T1,,True,IDECBA sobre avisos de Argenprop,2026-09-28
villa riachuelo,Villa Riachuelo,3,estrenar,2026-T2,,True,IDECBA sobre avisos de Argenprop,2026-09-28
villa santa rita,Villa Santa Rita,3,estrenar,2024-T3,,False,IDECBA sobre avisos de Argenprop,2026-09-28
villa santa rita,Villa Santa Rita,3,estrenar,2024-T4,,False,IDECBA sobre avisos de Argenprop,2026-09-28
villa santa rita,Villa Santa Rita,3,estrenar,2025-T1,,True,IDECBA sobre avisos de Argenprop,2026-09-28
villa santa rita,Villa Santa Rita,3,estrenar,2025-T2,,True,IDECBA sobre avisos de Argenprop,2026-09-28
villa santa rita,Villa Santa Rita,3,estrenar,2025-T3,,True,IDECBA sobre avisos de Argenprop,2026-09-28
villa santa rita,Villa Santa Rita,3,estrenar,2025-T4,,True,IDECBA sobre avisos de Argenprop,2026-09-28
villa santa rita,Villa Santa Rita,3,estrenar,2026-T1,,True,IDECBA sobre avisos de Argenprop,2026-09-28
villa santa rita,Villa Santa Rita,3,estrenar,2026-T2,,True,IDECBA sobre avisos de Argenprop,2026-09-28
villa soldati,Villa Soldati,3,estrenar,2024-T3,,False,IDECBA sobre avisos de Argenprop,2026-09-28
villa soldati,Villa Soldati,3,estrenar,2024-T4,,False,IDECBA sobre avisos de Argenprop,2026-09-28
villa soldati,Villa Soldati,3,estrenar,2025-T1,,True,IDECBA sobre avisos de Argenprop,2026-09-28
villa soldati,Villa Soldati,3,estrenar,2025-T2,,True,IDECBA sobre avisos de Argenprop,2026-09-28
villa soldati,Villa Soldati,3,estrenar,2025-T3,,True,IDECBA sobre avisos de Argenprop,2026-09-28
villa soldati,Villa Soldati,3,estrenar,2025-T4,,True,IDECBA sobre avisos de Argenprop,2026-09-28
villa soldati,Villa Soldati,3,estrenar,2026-T1,,True,IDECBA sobre avisos de Argenprop,2026-09-28
villa soldati,Villa Soldati,3,estrenar,2026-T2,,True,IDECBA sobre avisos de Argenprop,2026-09-28
villa urquiza,Villa Urquiza,3,estrenar,2024-T3,3079.7737851786933,False,IDECBA sobre avisos de Argenprop,2026-09-28
villa urquiza,Villa Urquiza,3,estrenar,2024-T4,3091.1998387313533,False,IDECBA sobre avisos de Argenprop,2026-09-28
villa urquiza,Villa Urquiza,3,estrenar,2025-T1,3138.3017983497148,True,IDECBA sobre avisos de Argenprop,2026-09-28
villa urquiza,Villa Urquiza,3,estrenar,2025-T2,3273.9470293486042,True,IDECBA sobre avisos de Argenprop,2026-09-28
villa urquiza,Villa Urquiza,3,estrenar,2025-T3,3175.697997383516,True,IDECBA sobre avisos de Argenprop,2026-09-28
villa urquiza,Villa Urquiza,3,estrenar,2025-T4,3239.0401274808055,True,IDECBA sobre avisos de Argenprop,2026-09-28
villa urquiza,Villa Urquiza,3,estrenar,2026-T1,3268.0042662116043,True,IDECBA sobre avisos de Argenprop,2026-09-28
villa urquiza,Villa Urquiza,3,estrenar,2026-T2,3307.0639980719516,True,IDECBA sobre avisos de Argenprop,2026-09-28
_total_ciudad,Total,1,usado,2024-T3,2451.512559581787,False,IDECBA sobre avisos de Argenprop,2026-09-28
_total_ciudad,Total,1,usado,2024-T4,2473.5559865395976,False,IDECBA sobre avisos de Argenprop,2026-09-28
_total_ciudad,Total,1,usado,2025-T1,2529.9226486214648,True,IDECBA sobre avisos de Argenprop,2026-09-28
_total_ciudad,Total,1,usado,2025-T2,2536.6248134285515,True,IDECBA sobre avisos de Argenprop,2026-09-28
_total_ciudad,Total,1,usado,2025-T3,2545.4901278762004,True,IDECBA sobre avisos de Argenprop,2026-09-28
_total_ciudad,Total,1,usado,2025-T4,2536.9693280170063,True,IDECBA sobre avisos de Argenprop,2026-09-28
_total_ciudad,Total,1,usado,2026-T1,2568.73925823268,True,IDECBA sobre avisos de Argenprop,2026-09-28
_total_ciudad,Total,1,usado,2026-T2,2561.1081955993272,True,IDECBA sobre avisos de Argenprop,2026-09-28
_total_ciudad,Total,1,estrenar,2024-T3,2734.0395656796345,False,IDECBA sobre avisos de Argenprop,2026-09-28
_total_ciudad,Total,1,estrenar,2024-T4,2785.6820781467777,False,IDECBA sobre avisos de Argenprop,2026-09-28
_total_ciudad,Total,1,estrenar,2025-T1,2913.0955835171562,True,IDECBA sobre avisos de Argenprop,2026-09-28
_total_ciudad,Total,1,estrenar,2025-T2,2936.278971885884,True,IDECBA sobre avisos de Argenprop,2026-09-28
_total_ciudad,Total,1,estrenar,2025-T3,2992.227695934001,True,IDECBA sobre avisos de Argenprop,2026-09-28
_total_ciudad,Total,1,estrenar,2025-T4,3031.923756872742,True,IDECBA sobre avisos de Argenprop,2026-09-28
_total_ciudad,Total,1,estrenar,2026-T1,3081.0088810353805,True,IDECBA sobre avisos de Argenprop,2026-09-28
_total_ciudad,Total,1,estrenar,2026-T2,3105.25968287032,True,IDECBA sobre avisos de Argenprop,2026-09-28
_total_ciudad,Total,2,usado,2024-T3,2238.6975980083225,False,IDECBA sobre avisos de Argenprop,2026-09-28
_total_ciudad,Total,2,usado,2024-T4,2233.7016509704836,False,IDECBA sobre avisos de Argenprop,2026-09-28
_total_ciudad,Total,2,usado,2025-T1,2304.123667281918,True,IDECBA sobre avisos de Argenprop,2026-09-28
_total_ciudad,Total,2,usado,2025-T2,2309.8325734495734,True,IDECBA sobre avisos de Argenprop,2026-09-28
_total_ciudad,Total,2,usado,2025-T3,2323.786621532194,True,IDECBA sobre avisos de Argenprop,2026-09-28
_total_ciudad,Total,2,usado,2025-T4,2304.679292435744,True,IDECBA sobre avisos de Argenprop,2026-09-28
_total_ciudad,Total,2,usado,2026-T1,2337.7232451007985,True,IDECBA sobre avisos de Argenprop,2026-09-28
_total_ciudad,Total,2,usado,2026-T2,2343.165948211593,True,IDECBA sobre avisos de Argenprop,2026-09-28
_total_ciudad,Total,2,estrenar,2024-T3,2869.000307681919,False,IDECBA sobre avisos de Argenprop,2026-09-28
_total_ciudad,Total,2,estrenar,2024-T4,2914.12501783116,False,IDECBA sobre avisos de Argenprop,2026-09-28
_total_ciudad,Total,2,estrenar,2025-T1,3017.4427391956756,True,IDECBA sobre avisos de Argenprop,2026-09-28
_total_ciudad,Total,2,estrenar,2025-T2,3100.7057686444296,True,IDECBA sobre avisos de Argenprop,2026-09-28
_total_ciudad,Total,2,estrenar,2025-T3,3121.476219756856,True,IDECBA sobre avisos de Argenprop,2026-09-28
_total_ciudad,Total,2,estrenar,2025-T4,3167.629879001343,True,IDECBA sobre avisos de Argenprop,2026-09-28
_total_ciudad,Total,2,estrenar,2026-T1,3208.6233422516875,True,IDECBA sobre avisos de Argenprop,2026-09-28
_total_ciudad,Total,2,estrenar,2026-T2,3215.48583285824,True,IDECBA sobre avisos de Argenprop,2026-09-28
_total_ciudad,Total,3,usado,2024-T3,2063.387517991663,False,IDECBA sobre avisos de Argenprop,2026-09-28
_total_ciudad,Total,3,usado,2024-T4,2071.63814318455,False,IDECBA sobre avisos de Argenprop,2026-09-28
_total_ciudad,Total,3,usado,2025-T1,2134.6275042659804,True,IDECBA sobre avisos de Argenprop,2026-09-28
_total_ciudad,Total,3,usado,2025-T2,2134.2755616040704,True,IDECBA sobre avisos de Argenprop,2026-09-28
_total_ciudad,Total,3,usado,2025-T3,2145.7527288453575,True,IDECBA sobre avisos de Argenprop,2026-09-28
_total_ciudad,Total,3,usado,2025-T4,2149.8047470536308,True,IDECBA sobre avisos de Argenprop,2026-09-28
_total_ciudad,Total,3,usado,2026-T1,2152.978433153625,True,IDECBA sobre avisos de Argenprop,2026-09-28
_total_ciudad,Total,3,usado,2026-T2,2159.690767524312,True,IDECBA sobre avisos de Argenprop,2026-09-28
_total_ciudad,Total,3,estrenar,2024-T3,2957.3748100652656,False,IDECBA sobre avisos de Argenprop,2026-09-28
_total_ciudad,Total,3,estrenar,2024-T4,2957.8614111734005,False,IDECBA sobre avisos de Argenprop,2026-09-28
_total_ciudad,Total,3,estrenar,2025-T1,3022.0678342441033,True,IDECBA sobre avisos de Argenprop,2026-09-28
_total_ciudad,Total,3,estrenar,2025-T2,3124.7976435993987,True,IDECBA sobre avisos de Argenprop,2026-09-28
_total_ciudad,Total,3,estrenar,2025-T3,3197.168123179359,True,IDECBA sobre avisos de Argenprop,2026-09-28
_total_ciudad,Total,3,estrenar,2025-T4,3278.790380463325,True,IDECBA sobre avisos de Argenprop,2026-09-28
_total_ciudad,Total,3,estrenar,2026-T1,3367.6429520350703,True,IDECBA sobre avisos de Argenprop,2026-09-28
_total_ciudad,Total,3,estrenar,2026-T2,3348.5730315714263,True,IDECBA sobre avisos de Argenprop,2026-09-28
